"id";"sample_name";"project";"analysis";"run";"gender";"created";"no_mismatches_Y"
1;"AA16-50272-OF01";"Training_3";"1.0 - Training_3";"Training_3";"XY";"19 Feb 2018 at 12:49AM by pavla.coufalova@pcr.cz";2
2;"AA16-50789-OF01";"Training_3";"1.0 - Training_3";"Training_3";"XY";"19 Feb 2018 at 12:49AM by pavla.coufalova@pcr.cz";0
3;"AA16-52866-OF01";"varianty";"1.0 - vybrane_BS_161206";"vybrane_BS_161206";"XY";"16 Feb 2017 at 04:14AM by tomas.capal@pcr.cz";1
4;"AA16-54932-OF01";"varianty";"1.0 - vybrane_BS_161206";"vybrane_BS_161206";"XY";"16 Feb 2017 at 04:14AM by tomas.capal@pcr.cz";0
5;"AA16-59558-OF01";"24315";"1.0 - 24315";"24315";"XY";"10 Nov 2017 at 05:22AM by pavla.coufalova@pcr.cz";11
6;"AA16-60368-OF01";"varianty";"1.0 - vybrane_BS_161206";"vybrane_BS_161206";"XY";"16 Feb 2017 at 04:14AM by tomas.capal@pcr.cz";0
7;"AA16-61186-OF01";"varianty";"1.0 - vybrane_BS_161206";"vybrane_BS_161206";"XY";"16 Feb 2017 at 04:14AM by tomas.capal@pcr.cz";0
8;"AA16-61501-OF01";"24315";"1.0 - 24315";"24315";"XY";"10 Nov 2017 at 05:22AM by pavla.coufalova@pcr.cz";0
9;"AA16-61502-OF01";"24315";"1.0 - 24315";"24315";"XY";"10 Nov 2017 at 05:22AM by pavla.coufalova@pcr.cz";5
10;"AA16-61503-OF01";"24315";"1.0 - 24315";"24315";"XY";"10 Nov 2017 at 05:22AM by pavla.coufalova@pcr.cz";3
11;"AA16-61504-OF01";"24315";"1.0 - 24315";"24315";"XY";"10 Nov 2017 at 05:22AM by pavla.coufalova@pcr.cz";1
12;"AA16-61505-OF01";"24315";"1.0 - 24315";"24315";"XY";"10 Nov 2017 at 05:22AM by pavla.coufalova@pcr.cz";1
13;"AA16-61506-OF01";"24315";"1.0 - 24315";"24315";"XY";"10 Nov 2017 at 05:22AM by pavla.coufalova@pcr.cz";1
14;"AA16-61507-OF01";"24315";"1.0 - 24315";"24315";"XY";"10 Nov 2017 at 05:22AM by pavla.coufalova@pcr.cz";1
15;"AA16-61508-OF01";"24315";"1.0 - 24315";"24315";"XY";"10 Nov 2017 at 05:22AM by pavla.coufalova@pcr.cz";1
16;"AA16-61509-OF01";"24315";"1.0 - 24315";"24315";"XY";"10 Nov 2017 at 05:22AM by pavla.coufalova@pcr.cz";1
17;"AA16-61510-OF01";"24315";"1.0 - 24315";"24315";"XY";"10 Nov 2017 at 05:22AM by pavla.coufalova@pcr.cz";1
18;"AA16-61511-OF01";"24315";"1.0 - 24315";"24315";"XY";"10 Nov 2017 at 05:22AM by pavla.coufalova@pcr.cz";1
19;"AA16-61513-OF01";"24315";"1.0 - 24315";"24315";"XY";"10 Nov 2017 at 05:22AM by pavla.coufalova@pcr.cz";0
20;"AA16-61514-OF01";"24315";"1.0 - 24315";"24315";"XY";"10 Nov 2017 at 05:22AM by pavla.coufalova@pcr.cz";1
21;"AA16-61516-OF01";"24315";"1.0 - 24315";"24315";"XY";"10 Nov 2017 at 05:22AM by pavla.coufalova@pcr.cz";1
22;"AA16-61519-OF01";"24315";"1.0 - 24315";"24315";"XY";"10 Nov 2017 at 05:22AM by pavla.coufalova@pcr.cz";1
23;"AA16-61520-OF01";"24315";"1.0 - 24315";"24315";"XY";"10 Nov 2017 at 05:22AM by pavla.coufalova@pcr.cz";1
24;"AA16-61521-OF01";"24315";"1.0 - 24315";"24315";"XY";"10 Nov 2017 at 05:22AM by pavla.coufalova@pcr.cz";2
25;"AA16-61522-OF01";"24315";"1.0 - 24315";"24315";"XY";"10 Nov 2017 at 05:22AM by pavla.coufalova@pcr.cz";1
26;"AA16-61523-OF01";"24315";"1.0 - 24315";"24315";"XY";"10 Nov 2017 at 05:22AM by pavla.coufalova@pcr.cz";1
27;"AA16-61524-OF01";"24315";"1.0 - 24315";"24315";"XY";"10 Nov 2017 at 05:22AM by pavla.coufalova@pcr.cz";1
28;"AA16-61525-OF01";"24315";"1.0 - 24315";"24315";"XY";"10 Nov 2017 at 05:22AM by pavla.coufalova@pcr.cz";1
29;"AA16-61526-OF01";"24315";"1.0 - 24315";"24315";"XY";"10 Nov 2017 at 05:22AM by pavla.coufalova@pcr.cz";1
30;"AA16-61527-OF01";"24315";"1.0 - 24315";"24315";"XY";"10 Nov 2017 at 05:22AM by pavla.coufalova@pcr.cz";1
31;"AA16-61528-OF01";"24315";"1.0 - 24315";"24315";"XY";"10 Nov 2017 at 05:22AM by pavla.coufalova@pcr.cz";1
32;"AA16-61529-OF01";"24315";"1.0 - 24315";"24315";"XY";"10 Nov 2017 at 05:22AM by pavla.coufalova@pcr.cz";1
33;"AA16-61531-OF01";"24315";"1.0 - 24315";"24315";"XY";"10 Nov 2017 at 05:22AM by pavla.coufalova@pcr.cz";1
34;"AA16-61532-OF01";"24315";"1.0 - 24315";"24315";"XY";"10 Nov 2017 at 05:22AM by pavla.coufalova@pcr.cz";1
35;"AA16-61533-OF01";"24315";"1.0 - 24315";"24315";"XY";"10 Nov 2017 at 05:22AM by pavla.coufalova@pcr.cz";0
36;"AA16-61534-OF01";"24315";"1.0 - 24315";"24315";"XY";"10 Nov 2017 at 05:22AM by pavla.coufalova@pcr.cz";1
37;"AA16-61535-OF01";"24315";"1.0 - 24315";"24315";"XY";"10 Nov 2017 at 05:22AM by pavla.coufalova@pcr.cz";1
38;"AA16-61538-OF01";"24315";"1.0 - 24315";"24315";"XY";"10 Nov 2017 at 05:22AM by pavla.coufalova@pcr.cz";1
39;"AA16-61539-OF01";"24315";"1.0 - 24315";"24315";"XY";"10 Nov 2017 at 05:22AM by pavla.coufalova@pcr.cz";1
40;"AA16-61540-OF01";"24315";"1.0 - 24315";"24315";"XY";"10 Nov 2017 at 05:22AM by pavla.coufalova@pcr.cz";1
41;"AA16-61541-OF01";"24315";"1.0 - 24315";"24315";"XY";"10 Nov 2017 at 05:22AM by pavla.coufalova@pcr.cz";1
42;"AA16-61542-OF01";"24315";"1.0 - 24315";"24315";"XY";"10 Nov 2017 at 05:22AM by pavla.coufalova@pcr.cz";1
43;"AA16-61543-OF01";"24315";"1.0 - 24315";"24315";"XY";"10 Nov 2017 at 05:22AM by pavla.coufalova@pcr.cz";0
44;"AA16-61544-OF01";"24315";"1.0 - 24315";"24315";"XY";"10 Nov 2017 at 05:22AM by pavla.coufalova@pcr.cz";1
45;"AA16-61545-OF01";"24315";"1.0 - 24315";"24315";"XY";"10 Nov 2017 at 05:22AM by pavla.coufalova@pcr.cz";0
46;"AA16-61547-OF01";"24315";"1.0 - 24315";"24315";"XY";"10 Nov 2017 at 05:22AM by pavla.coufalova@pcr.cz";1
47;"AA16-61548-OF01";"24315";"1.0 - 24315";"24315";"XY";"10 Nov 2017 at 05:22AM by pavla.coufalova@pcr.cz";1
48;"AA16-61549-OF01";"24315";"1.0 - 24315";"24315";"XY";"10 Nov 2017 at 05:22AM by pavla.coufalova@pcr.cz";1
49;"AA16-61550-OF01";"24315";"1.0 - 24315";"24315";"XY";"10 Nov 2017 at 05:22AM by pavla.coufalova@pcr.cz";0
50;"AA16-61551-OF01";"24315";"1.0 - 24315";"24315";"XY";"10 Nov 2017 at 05:22AM by pavla.coufalova@pcr.cz";1
51;"AA16-61552-OF01";"24315";"1.0 - 24315";"24315";"XY";"10 Nov 2017 at 05:22AM by pavla.coufalova@pcr.cz";1
52;"AA16-61553-OF01";"24315";"1.0 - 24315";"24315";"XY";"10 Nov 2017 at 05:22AM by pavla.coufalova@pcr.cz";1
53;"AA16-61554-OF01";"24315";"1.0 - 24315";"24315";"XY";"10 Nov 2017 at 05:22AM by pavla.coufalova@pcr.cz";1
54;"AA16-61557-OF01";"24315";"1.0 - 24315";"24315";"XY";"10 Nov 2017 at 05:22AM by pavla.coufalova@pcr.cz";1
55;"AA16-61558-OF01";"24315";"1.0 - 24315";"24315";"XY";"10 Nov 2017 at 05:22AM by pavla.coufalova@pcr.cz";1
56;"AA16-61559-OF01";"24315";"1.0 - 24315";"24315";"XY";"10 Nov 2017 at 05:22AM by pavla.coufalova@pcr.cz";1
57;"AA16-61560-OF01";"24315";"1.0 - 24315";"24315";"XY";"10 Nov 2017 at 05:22AM by pavla.coufalova@pcr.cz";1
58;"AA16-61562-OF01";"24315";"1.0 - 24315";"24315";"XY";"10 Nov 2017 at 05:22AM by pavla.coufalova@pcr.cz";2
59;"AA16-61563-OF01";"24315";"1.0 - 24315";"24315";"XY";"10 Nov 2017 at 05:22AM by pavla.coufalova@pcr.cz";1
60;"AA16-61564-OF01";"24315";"1.0 - 24315";"24315";"XY";"10 Nov 2017 at 05:22AM by pavla.coufalova@pcr.cz";1
61;"AA16-61565-OF01";"24315";"1.0 - 24315";"24315";"XY";"10 Nov 2017 at 05:22AM by pavla.coufalova@pcr.cz";2
62;"AA16-61566-OF01";"24315";"1.0 - 24315";"24315";"XY";"10 Nov 2017 at 05:22AM by pavla.coufalova@pcr.cz";1
63;"AA16-61567-OF01";"24315";"1.0 - 24315";"24315";"XY";"10 Nov 2017 at 05:22AM by pavla.coufalova@pcr.cz";1
64;"AA16-61568-OF01";"24315";"1.0 - 24315";"24315";"XY";"10 Nov 2017 at 05:22AM by pavla.coufalova@pcr.cz";1
65;"AA16-61571-OF01";"24315";"1.0 - 24315";"24315";"XY";"10 Nov 2017 at 05:22AM by pavla.coufalova@pcr.cz";2
66;"AA16-61572-OF01";"24315";"1.0 - 24315";"24315";"XY";"10 Nov 2017 at 05:22AM by pavla.coufalova@pcr.cz";1
67;"AA16-61573-OF01";"24315";"1.0 - 24315";"24315";"XY";"10 Nov 2017 at 05:22AM by pavla.coufalova@pcr.cz";1
68;"AA16-61574-OF01";"24315";"1.0 - 24315";"24315";"XY";"10 Nov 2017 at 05:22AM by pavla.coufalova@pcr.cz";1
69;"AA16-61575-OF01";"24315";"1.0 - 24315";"24315";"XY";"10 Nov 2017 at 05:22AM by pavla.coufalova@pcr.cz";1
70;"AA16-61576-OF01";"24315";"1.0 - 24315";"24315";"XY";"10 Nov 2017 at 05:22AM by pavla.coufalova@pcr.cz";1
71;"AA16-61577-OF01";"24315";"1.0 - 24315";"24315";"XY";"10 Nov 2017 at 05:22AM by pavla.coufalova@pcr.cz";1
72;"AA16-61580-OF01";"24315";"1.0 - 24315";"24315";"XY";"10 Nov 2017 at 05:22AM by pavla.coufalova@pcr.cz";1
73;"AA16-61581-OF01";"24315";"1.0 - 24315";"24315";"XY";"10 Nov 2017 at 05:22AM by pavla.coufalova@pcr.cz";0
74;"AA16-61582-OF01";"24315";"1.0 - 24315";"24315";"XY";"10 Nov 2017 at 05:22AM by pavla.coufalova@pcr.cz";1
75;"AA16-61583-OF01";"24315";"1.0 - 24315";"24315";"XY";"10 Nov 2017 at 05:22AM by pavla.coufalova@pcr.cz";1
76;"AA16-61584-OF01";"24315";"1.0 - 24315";"24315";"XY";"10 Nov 2017 at 05:22AM by pavla.coufalova@pcr.cz";1
77;"AA16-61587-OF01";"24315";"1.0 - 24315";"24315";"XY";"10 Nov 2017 at 05:22AM by pavla.coufalova@pcr.cz";1
78;"AA16-61588-OF01";"24315";"1.0 - 24315";"24315";"XY";"10 Nov 2017 at 05:22AM by pavla.coufalova@pcr.cz";1
79;"AA16-61590-OF01";"24315";"1.0 - 24315";"24315";"XY";"10 Nov 2017 at 05:22AM by pavla.coufalova@pcr.cz";1
80;"AA16-61591-OF01";"24315";"1.0 - 24315";"24315";"XY";"10 Nov 2017 at 05:22AM by pavla.coufalova@pcr.cz";0
81;"AA16-65635-OF01";"24717";"1.0 - 24717";"24717";"XY";"13 Nov 2017 at 06:27AM by pavla.coufalova@pcr.cz";0
82;"AA16-65637-OF01";"24717";"1.0 - 24717";"24717";"XY";"13 Nov 2017 at 06:27AM by pavla.coufalova@pcr.cz";0
83;"AA16-65638-OF01";"24717";"1.0 - 24717";"24717";"XY";"13 Nov 2017 at 06:27AM by pavla.coufalova@pcr.cz";0
84;"AA16-65639-OF01";"24717";"1.0 - 24717";"24717";"XY";"13 Nov 2017 at 06:27AM by pavla.coufalova@pcr.cz";0
85;"AA16-65640-OF01";"24717";"1.0 - 24717";"24717";"XY";"13 Nov 2017 at 06:27AM by pavla.coufalova@pcr.cz";0
86;"AA16-65641-OF01";"24717";"1.0 - 24717";"24717";"XY";"13 Nov 2017 at 06:27AM by pavla.coufalova@pcr.cz";0
87;"AA16-65642-OF01";"24717";"1.0 - 24717";"24717";"XY";"13 Nov 2017 at 06:27AM by pavla.coufalova@pcr.cz";0
88;"AA16-65643-OF01";"24717";"1.0 - 24717";"24717";"XY";"13 Nov 2017 at 06:27AM by pavla.coufalova@pcr.cz";0
89;"AA16-65644-OF01";"24717";"1.0 - 24717";"24717";"XY";"13 Nov 2017 at 06:27AM by pavla.coufalova@pcr.cz";0
90;"AA16-65645-OF01";"24717";"1.0 - 24717";"24717";"XY";"13 Nov 2017 at 06:27AM by pavla.coufalova@pcr.cz";0
91;"AA16-65646-OF01";"24717";"1.0 - 24717";"24717";"XY";"13 Nov 2017 at 06:27AM by pavla.coufalova@pcr.cz";0
92;"AA16-65648-OF01";"24717";"1.0 - 24717";"24717";"XY";"13 Nov 2017 at 06:27AM by pavla.coufalova@pcr.cz";0
93;"AA16-65649-OF01";"24717";"1.0 - 24717";"24717";"XY";"13 Nov 2017 at 06:27AM by pavla.coufalova@pcr.cz";0
94;"AA16-65650-OF01";"24717";"1.0 - 24717";"24717";"XY";"13 Nov 2017 at 06:27AM by pavla.coufalova@pcr.cz";0
95;"AA16-65651-OF01";"24717";"1.0 - 24717";"24717";"XY";"13 Nov 2017 at 06:27AM by pavla.coufalova@pcr.cz";0
96;"AA16-65653-OF01";"24717";"1.0 - 24717";"24717";"XY";"13 Nov 2017 at 06:27AM by pavla.coufalova@pcr.cz";0
97;"AA16-65654-OF01";"24717";"1.0 - 24717";"24717";"XY";"13 Nov 2017 at 06:27AM by pavla.coufalova@pcr.cz";0
98;"AA16-65655-OF01";"24717";"1.0 - 24717";"24717";"XY";"13 Nov 2017 at 06:27AM by pavla.coufalova@pcr.cz";0
99;"AA16-65656-OF01";"24717";"1.0 - 24717";"24717";"XY";"13 Nov 2017 at 06:27AM by pavla.coufalova@pcr.cz";0
100;"AA16-65657-OF01";"24717";"1.0 - 24717";"24717";"XY";"13 Nov 2017 at 06:27AM by pavla.coufalova@pcr.cz";0
101;"AA16-65658-OF01";"24717";"1.0 - 24717";"24717";"XY";"13 Nov 2017 at 06:27AM by pavla.coufalova@pcr.cz";0
102;"AA16-65659-OF01";"24717";"1.0 - 24717";"24717";"XY";"13 Nov 2017 at 06:28AM by pavla.coufalova@pcr.cz";0
103;"AA16-65660-OF01";"24717";"1.0 - 24717";"24717";"XY";"13 Nov 2017 at 06:28AM by pavla.coufalova@pcr.cz";0
104;"AA16-65661-OF01";"24717";"1.0 - 24717";"24717";"XY";"13 Nov 2017 at 06:28AM by pavla.coufalova@pcr.cz";0
105;"AA16-65662-OF01";"24717";"1.0 - 24717";"24717";"XY";"13 Nov 2017 at 06:28AM by pavla.coufalova@pcr.cz";0
106;"AA16-65663-OF01";"24717";"1.0 - 24717";"24717";"XY";"13 Nov 2017 at 06:28AM by pavla.coufalova@pcr.cz";0
107;"AA16-65664-OF01";"24717";"1.0 - 24717";"24717";"XY";"13 Nov 2017 at 06:28AM by pavla.coufalova@pcr.cz";0
108;"AA16-65666-OF01";"24717";"1.0 - 24717";"24717";"XY";"13 Nov 2017 at 06:28AM by pavla.coufalova@pcr.cz";0
109;"AA16-65667-OF01";"24717";"1.0 - 24717";"24717";"XY";"13 Nov 2017 at 06:28AM by pavla.coufalova@pcr.cz";0
110;"AA16-65668-OF01";"24717";"1.0 - 24717";"24717";"XY";"13 Nov 2017 at 06:28AM by pavla.coufalova@pcr.cz";0
111;"AA16-65669-OF01";"24717";"1.0 - 24717";"24717";"XY";"13 Nov 2017 at 06:28AM by pavla.coufalova@pcr.cz";0
112;"AA16-65670-OF01";"24717";"1.0 - 24717";"24717";"XY";"13 Nov 2017 at 06:28AM by pavla.coufalova@pcr.cz";0
113;"AA16-65672-OF01";"24717";"1.0 - 24717";"24717";"XY";"13 Nov 2017 at 06:28AM by pavla.coufalova@pcr.cz";0
114;"AA16-65673-OF01";"24717";"1.0 - 24717";"24717";"XY";"13 Nov 2017 at 06:28AM by pavla.coufalova@pcr.cz";0
115;"AA16-65674-OF01";"24717";"1.0 - 24717";"24717";"XY";"13 Nov 2017 at 06:28AM by pavla.coufalova@pcr.cz";0
116;"AA16-65675-OF01";"24717";"1.0 - 24717";"24717";"XY";"13 Nov 2017 at 06:28AM by pavla.coufalova@pcr.cz";0
117;"AA16-65676-OF01";"24717";"1.0 - 24717";"24717";"XY";"13 Nov 2017 at 06:28AM by pavla.coufalova@pcr.cz";0
118;"AA16-65677-OF01";"24717";"1.0 - 24717";"24717";"XY";"13 Nov 2017 at 06:28AM by pavla.coufalova@pcr.cz";0
119;"AA16-65678-OF01";"24717";"1.0 - 24717";"24717";"XY";"13 Nov 2017 at 06:28AM by pavla.coufalova@pcr.cz";0
120;"AA16-65679-OF01";"24717";"1.0 - 24717";"24717";"XY";"13 Nov 2017 at 06:28AM by pavla.coufalova@pcr.cz";0
121;"AA16-65680-OF01";"24717";"1.0 - 24717";"24717";"XY";"13 Nov 2017 at 06:28AM by pavla.coufalova@pcr.cz";0
122;"AA16-65681-OF01";"24717";"1.0 - 24717";"24717";"XY";"13 Nov 2017 at 06:28AM by pavla.coufalova@pcr.cz";1
123;"AA16-65682-OF01";"24717";"1.0 - 24717";"24717";"XY";"13 Nov 2017 at 06:28AM by pavla.coufalova@pcr.cz";0
124;"AA16-65683-OF01";"24717";"1.0 - 24717";"24717";"XY";"13 Nov 2017 at 06:28AM by pavla.coufalova@pcr.cz";0
125;"AA16-65684-OF01";"24717";"1.0 - 24717";"24717";"XY";"13 Nov 2017 at 06:28AM by pavla.coufalova@pcr.cz";0
126;"AA16-65686-OF01";"24717";"1.0 - 24717";"24717";"XY";"13 Nov 2017 at 06:28AM by pavla.coufalova@pcr.cz";0
127;"AA16-65688-OF01";"24717";"1.0 - 24717";"24717";"XY";"13 Nov 2017 at 06:28AM by pavla.coufalova@pcr.cz";0
128;"AA16-65689-OF01";"24717";"1.0 - 24717";"24717";"XY";"13 Nov 2017 at 06:28AM by pavla.coufalova@pcr.cz";0
129;"AA16-65690-OF01";"24717";"1.0 - 24717";"24717";"XY";"13 Nov 2017 at 06:28AM by pavla.coufalova@pcr.cz";0
130;"AA16-65691-OF01";"24717";"1.0 - 24717";"24717";"XY";"13 Nov 2017 at 06:28AM by pavla.coufalova@pcr.cz";0
131;"AA16-65693-OF01";"24717";"1.0 - 24717";"24717";"XY";"13 Nov 2017 at 06:28AM by pavla.coufalova@pcr.cz";0
132;"AA16-65694-OF01";"24717";"1.0 - 24717";"24717";"XY";"13 Nov 2017 at 06:28AM by pavla.coufalova@pcr.cz";0
133;"AA16-65695-OF01";"24717";"1.0 - 24717";"24717";"XY";"13 Nov 2017 at 06:28AM by pavla.coufalova@pcr.cz";0
134;"AA16-65696-OF01";"24717";"1.0 - 24717";"24717";"XY";"13 Nov 2017 at 06:28AM by pavla.coufalova@pcr.cz";0
135;"AA16-65697-OF01";"24717";"1.0 - 24717";"24717";"XY";"13 Nov 2017 at 06:28AM by pavla.coufalova@pcr.cz";0
136;"AA16-65698-OF01";"24717";"1.0 - 24717";"24717";"XY";"13 Nov 2017 at 06:28AM by pavla.coufalova@pcr.cz";0
137;"AA16-65699-OF01";"24717";"1.0 - 24717";"24717";"XY";"13 Nov 2017 at 06:28AM by pavla.coufalova@pcr.cz";0
138;"AA16-65700-OF01";"24717";"1.0 - 24717";"24717";"XY";"13 Nov 2017 at 06:28AM by pavla.coufalova@pcr.cz";0
139;"AA16-65701-OF01";"24717";"1.0 - 24717";"24717";"XY";"13 Nov 2017 at 06:28AM by pavla.coufalova@pcr.cz";0
140;"AA16-65702-OF01";"24717";"1.0 - 24717";"24717";"XY";"13 Nov 2017 at 06:28AM by pavla.coufalova@pcr.cz";0
141;"AA16-65703-OF01";"24717";"1.0 - 24717";"24717";"XY";"13 Nov 2017 at 06:28AM by pavla.coufalova@pcr.cz";0
142;"AA16-65704-OF01";"24717";"1.0 - 24717";"24717";"XY";"13 Nov 2017 at 06:28AM by pavla.coufalova@pcr.cz";0
143;"AA16-65705-OF01";"24717";"1.0 - 24717";"24717";"XY";"13 Nov 2017 at 06:28AM by pavla.coufalova@pcr.cz";0
144;"AA16-65706-OF01";"24717";"1.0 - 24717";"24717";"XY";"13 Nov 2017 at 06:28AM by pavla.coufalova@pcr.cz";0
145;"AA16-65707-OF01";"24717";"1.0 - 24717";"24717";"XY";"13 Nov 2017 at 06:28AM by pavla.coufalova@pcr.cz";0
146;"AA16-65708-OF01";"24717";"1.0 - 24717";"24717";"XY";"13 Nov 2017 at 06:28AM by pavla.coufalova@pcr.cz";0
147;"AA16-65709-OF01";"24717";"1.0 - 24717";"24717";"XY";"13 Nov 2017 at 06:28AM by pavla.coufalova@pcr.cz";0
148;"AA16-65712-OF01";"24717";"1.0 - 24717";"24717";"XY";"13 Nov 2017 at 06:28AM by pavla.coufalova@pcr.cz";0
149;"AA16-65714-OF01";"24717";"1.0 - 24717";"24717";"XY";"13 Nov 2017 at 06:28AM by pavla.coufalova@pcr.cz";1
150;"AA07-01666-OF61";"25311";"1.0 - 25311";"25311";"XY";"13 Nov 2017 at 06:09AM by pavla.coufalova@pcr.cz";0
151;"AA07-05965-CO62";"25311";"1.0 - 25311";"25311";"XY";"13 Nov 2017 at 06:09AM by pavla.coufalova@pcr.cz";4
152;"AA07-06027-CO50";"25311";"1.0 - 25311";"25311";"XY";"13 Nov 2017 at 06:09AM by pavla.coufalova@pcr.cz";2
153;"AA07-06027-CO65";"25311";"1.0 - 25311";"25311";"XY";"13 Nov 2017 at 06:09AM by pavla.coufalova@pcr.cz";6
154;"AA07-06027-CO75";"25311";"1.0 - 25311";"25311";"XY";"13 Nov 2017 at 06:09AM by pavla.coufalova@pcr.cz";1
155;"AA07-06028-CO69";"25311";"1.0 - 25311";"25311";"XY";"13 Nov 2017 at 06:09AM by pavla.coufalova@pcr.cz";0
156;"AA07-06028-CO79";"25311";"1.0 - 25311";"25311";"XY";"13 Nov 2017 at 06:09AM by pavla.coufalova@pcr.cz";3
157;"AA07-06028-CO84";"25311";"1.0 - 25311";"25311";"XY";"13 Nov 2017 at 06:09AM by pavla.coufalova@pcr.cz";4
158;"AA07-06029-CO05";"25311";"1.0 - 25311";"25311";"XY";"13 Nov 2017 at 06:09AM by pavla.coufalova@pcr.cz";1
159;"AA07-06029-CO20";"25311";"1.0 - 25311";"25311";"XY";"13 Nov 2017 at 06:09AM by pavla.coufalova@pcr.cz";0
160;"AA07-06029-CO24";"25311";"1.0 - 25311";"25311";"XY";"13 Nov 2017 at 06:09AM by pavla.coufalova@pcr.cz";0
161;"AA07-06029-CO52";"25311";"1.0 - 25311";"25311";"XY";"13 Nov 2017 at 06:09AM by pavla.coufalova@pcr.cz";1
162;"AA07-06029-CO57";"25311";"1.0 - 25311";"25311";"XY";"13 Nov 2017 at 06:09AM by pavla.coufalova@pcr.cz";0
163;"AA07-06029-CO59";"25311";"1.0 - 25311";"25311";"XY";"13 Nov 2017 at 06:09AM by pavla.coufalova@pcr.cz";0
164;"AA07-06029-CO71";"25311";"1.0 - 25311";"25311";"XY";"13 Nov 2017 at 06:09AM by pavla.coufalova@pcr.cz";1
165;"AA07-06029-CO85";"25311";"1.0 - 25311";"25311";"XY";"13 Nov 2017 at 06:09AM by pavla.coufalova@pcr.cz";1
166;"AA07-06029-CO89";"25311";"1.0 - 25311";"25311";"XY";"13 Nov 2017 at 06:09AM by pavla.coufalova@pcr.cz";2
167;"AA07-06030-CO15";"25311";"1.0 - 25311";"25311";"XY";"13 Nov 2017 at 06:09AM by pavla.coufalova@pcr.cz";2
168;"AA07-06030-CO36";"25311";"1.0 - 25311";"25311";"XY";"13 Nov 2017 at 06:09AM by pavla.coufalova@pcr.cz";3
169;"AA07-06030-CO80";"25311";"1.0 - 25311";"25311";"XY";"13 Nov 2017 at 06:09AM by pavla.coufalova@pcr.cz";1
170;"AA07-06030-CO82";"25311";"1.0 - 25311";"25311";"XY";"13 Nov 2017 at 06:09AM by pavla.coufalova@pcr.cz";2
171;"AA07-06031-CO09";"25311";"1.0 - 25311";"25311";"XY";"13 Nov 2017 at 06:10AM by pavla.coufalova@pcr.cz";1
172;"AA07-06031-CO12";"25311";"1.0 - 25311";"25311";"XY";"13 Nov 2017 at 06:10AM by pavla.coufalova@pcr.cz";0
173;"AA07-06031-CO26";"25311";"1.0 - 25311";"25311";"XY";"13 Nov 2017 at 06:10AM by pavla.coufalova@pcr.cz";2
174;"AA07-06031-CO56";"25311";"1.0 - 25311";"25311";"XY";"13 Nov 2017 at 06:10AM by pavla.coufalova@pcr.cz";0
175;"AA07-06031-CO58";"25311";"1.0 - 25311";"25311";"XY";"13 Nov 2017 at 06:10AM by pavla.coufalova@pcr.cz";0
176;"AA07-06031-CO59";"25311";"1.0 - 25311";"25311";"XY";"13 Nov 2017 at 06:10AM by pavla.coufalova@pcr.cz";4
177;"AA07-06033-CO61";"25311";"1.0 - 25311";"25311";"XY";"13 Nov 2017 at 06:10AM by pavla.coufalova@pcr.cz";0
178;"AA07-06031-CO81";"25311";"1.0 - 25311";"25311";"XY";"13 Nov 2017 at 06:10AM by pavla.coufalova@pcr.cz";1
179;"AA07-06031-CO83";"25311";"1.0 - 25311";"25311";"XY";"13 Nov 2017 at 06:10AM by pavla.coufalova@pcr.cz";1
180;"AA07-06032-CO08";"25311";"1.0 - 25311";"25311";"XY";"13 Nov 2017 at 06:09AM by pavla.coufalova@pcr.cz";1
181;"AA07-06032-CO19";"25311";"1.0 - 25311";"25311";"XY";"13 Nov 2017 at 06:09AM by pavla.coufalova@pcr.cz";3
182;"AA07-06032-CO36";"25311";"1.0 - 25311";"25311";"XY";"13 Nov 2017 at 06:09AM by pavla.coufalova@pcr.cz";2
183;"AA07-06032-CO38";"25311";"1.0 - 25311";"25311";"XY";"13 Nov 2017 at 06:10AM by pavla.coufalova@pcr.cz";0
184;"AA07-06032-CO40";"25311";"1.0 - 25311";"25311";"XY";"13 Nov 2017 at 06:10AM by pavla.coufalova@pcr.cz";4
185;"AA07-06032-CO44";"25311";"1.0 - 25311";"25311";"XY";"13 Nov 2017 at 06:10AM by pavla.coufalova@pcr.cz";0
186;"AA07-06032-CO47";"25311";"1.0 - 25311";"25311";"XY";"13 Nov 2017 at 06:10AM by pavla.coufalova@pcr.cz";1
187;"AA07-06032-CO48";"25311";"1.0 - 25311";"25311";"XY";"13 Nov 2017 at 06:10AM by pavla.coufalova@pcr.cz";0
188;"AA07-06032-CO52";"25311";"1.0 - 25311";"25311";"XY";"13 Nov 2017 at 06:10AM by pavla.coufalova@pcr.cz";0
189;"AA07-06032-CO54";"25311";"1.0 - 25311";"25311";"XY";"13 Nov 2017 at 06:10AM by pavla.coufalova@pcr.cz";0
190;"AA07-06032-CO56";"25311";"1.0 - 25311";"25311";"XY";"13 Nov 2017 at 06:10AM by pavla.coufalova@pcr.cz";1
191;"AA07-06032-CO70";"25311";"1.0 - 25311";"25311";"XY";"13 Nov 2017 at 06:10AM by pavla.coufalova@pcr.cz";0
192;"AA07-06032-CO85";"25311";"1.0 - 25311";"25311";"XY";"13 Nov 2017 at 06:10AM by pavla.coufalova@pcr.cz";3
193;"AA07-06033-CO03";"25311";"1.0 - 25311";"25311";"XY";"13 Nov 2017 at 06:10AM by pavla.coufalova@pcr.cz";1
194;"AA07-06033-CO11";"25311";"1.0 - 25311";"25311";"XY";"13 Nov 2017 at 06:10AM by pavla.coufalova@pcr.cz";0
195;"AA07-06033-CO20";"25311";"1.0 - 25311";"25311";"XY";"13 Nov 2017 at 06:10AM by pavla.coufalova@pcr.cz";1
196;"AA07-06033-CO21";"25311";"1.0 - 25311";"25311";"XY";"13 Nov 2017 at 06:10AM by pavla.coufalova@pcr.cz";0
197;"AA07-06033-CO24";"25311";"1.0 - 25311";"25311";"XY";"13 Nov 2017 at 06:10AM by pavla.coufalova@pcr.cz";1
198;"AA07-06033-CO34";"25311";"1.0 - 25311";"25311";"XY";"13 Nov 2017 at 06:10AM by pavla.coufalova@pcr.cz";3
199;"AA07-06033-CO35";"25311";"1.0 - 25311";"25311";"XY";"13 Nov 2017 at 06:10AM by pavla.coufalova@pcr.cz";0
200;"AA07-06033-CO44";"25311";"1.0 - 25311";"25311";"XY";"13 Nov 2017 at 06:10AM by pavla.coufalova@pcr.cz";2
201;"AA07-06033-CO47";"25311";"1.0 - 25311";"25311";"XY";"13 Nov 2017 at 06:10AM by pavla.coufalova@pcr.cz";1
202;"AA07-06033-CO51";"25311";"1.0 - 25311";"25311";"XY";"13 Nov 2017 at 06:10AM by pavla.coufalova@pcr.cz";3
203;"AA07-06033-CO68";"25311";"1.0 - 25311";"25311";"XY";"13 Nov 2017 at 06:10AM by pavla.coufalova@pcr.cz";2
204;"AA07-06033-CO73";"25311";"1.0 - 25311";"25311";"XY";"13 Nov 2017 at 06:10AM by pavla.coufalova@pcr.cz";0
205;"AA07-06033-CO74";"25311";"1.0 - 25311";"25311";"XY";"13 Nov 2017 at 06:10AM by pavla.coufalova@pcr.cz";0
206;"AA07-06033-CO82";"25311";"1.0 - 25311";"25311";"XY";"13 Nov 2017 at 06:10AM by pavla.coufalova@pcr.cz";0
207;"AA07-06033-CO83";"25311";"1.0 - 25311";"25311";"XY";"13 Nov 2017 at 06:10AM by pavla.coufalova@pcr.cz";0
208;"AA07-06033-CO88";"25311";"1.0 - 25311";"25311";"XY";"13 Nov 2017 at 06:10AM by pavla.coufalova@pcr.cz";5
209;"AA07-06033-CO91";"25311";"1.0 - 25311";"25311";"XY";"13 Nov 2017 at 06:10AM by pavla.coufalova@pcr.cz";2
210;"AA07-06033-CO95";"25311";"1.0 - 25311";"25311";"XY";"13 Nov 2017 at 06:10AM by pavla.coufalova@pcr.cz";0
211;"AA07-06034-CO20";"25311";"1.0 - 25311";"25311";"XY";"13 Nov 2017 at 06:10AM by pavla.coufalova@pcr.cz";0
212;"AA07-06034-CO23";"25311";"1.0 - 25311";"25311";"XY";"13 Nov 2017 at 06:10AM by pavla.coufalova@pcr.cz";2
213;"AA07-06034-CO24";"25311";"1.0 - 25311";"25311";"XY";"13 Nov 2017 at 06:10AM by pavla.coufalova@pcr.cz";1
214;"AA07-06034-CO25";"25311";"1.0 - 25311";"25311";"XY";"13 Nov 2017 at 06:10AM by pavla.coufalova@pcr.cz";5
215;"AA07-06034-CO54";"25311";"1.0 - 25311";"25311";"XY";"13 Nov 2017 at 06:10AM by pavla.coufalova@pcr.cz";6
216;"AA07-06034-CO58";"25311";"1.0 - 25311";"25311";"XY";"13 Nov 2017 at 06:10AM by pavla.coufalova@pcr.cz";4
217;"AA07-06034-CO60";"25311";"1.0 - 25311";"25311";"XY";"13 Nov 2017 at 06:10AM by pavla.coufalova@pcr.cz";0
218;"AA07-06034-CO82";"25311";"1.0 - 25311";"25311";"XY";"13 Nov 2017 at 06:10AM by pavla.coufalova@pcr.cz";0
219;"AA07-06034-CO86";"25311";"1.0 - 25311";"25311";"XY";"13 Nov 2017 at 06:10AM by pavla.coufalova@pcr.cz";2
220;"AA07-06035-CO13";"25311";"1.0 - 25311";"25311";"XY";"13 Nov 2017 at 06:09AM by pavla.coufalova@pcr.cz";0
221;"AA07-06038-CO45";"25311";"1.0 - 25311";"25311";"XY";"13 Nov 2017 at 06:09AM by pavla.coufalova@pcr.cz";4
222;"AA09-64414-OF01";"25311";"1.0 - 25311";"25311";"XY";"13 Nov 2017 at 06:09AM by pavla.coufalova@pcr.cz";5
223;"AA09-67107-OF01";"25311";"1.0 - 25311";"25311";"XY";"13 Nov 2017 at 06:09AM by pavla.coufalova@pcr.cz";1
224;"AA16-68848-OF01";"25311";"1.0 - 25311";"25311";"XY";"13 Nov 2017 at 06:09AM by pavla.coufalova@pcr.cz";0
225;"AA16-68897-OF01";"25311";"1.0 - 25311";"25311";"XY";"13 Nov 2017 at 06:09AM by pavla.coufalova@pcr.cz";0
226;"AA16-69368-OF01";"25311";"1.0 - 25311";"25311";"XY";"13 Nov 2017 at 06:09AM by pavla.coufalova@pcr.cz";0
227;"AA16-70061-OF01";"25311";"1.0 - 25311";"25311";"XY";"13 Nov 2017 at 06:09AM by pavla.coufalova@pcr.cz";0
228;"AA16-70182-OF01";"25311";"1.0 - 25311";"25311";"XY";"13 Nov 2017 at 06:09AM by pavla.coufalova@pcr.cz";0
229;"AA16-70201-OF01";"25311";"1.0 - 25311";"25311";"XY";"13 Nov 2017 at 06:09AM by pavla.coufalova@pcr.cz";0
230;"AC07-05161-CO03";"25311";"1.0 - 25311";"25311";"XY";"13 Nov 2017 at 06:10AM by pavla.coufalova@pcr.cz";0
231;"AA11-KIGEN-SF16";"fenotyp_novy";"1.0 - fenotyp novy";"fenotyp novy";"XY";"22 Feb 2018 at 01:13AM by vlastimil.stenzl@pcr.cz";0
232;"16_Lukas_Eder";"fenotyp_novy";"1.0 - fenotyp novy";"fenotyp novy";"XY";"22 Feb 2018 at 03:01AM by vlastimil.stenzl@pcr.cz";0
233;"17_Zoltan";"fenotyp_novy";"1.0 - fenotyp novy";"fenotyp novy";"XY";"22 Feb 2018 at 03:01AM by vlastimil.stenzl@pcr.cz";0
234;"20_Matyas_P";"fenotyp_novy";"1.0 - fenotyp novy";"fenotyp novy";"XY";"22 Feb 2018 at 03:01AM by vlastimil.stenzl@pcr.cz";0
235;"23_Kuba_Langer";"fenotyp_novy";"1.0 - fenotyp novy";"fenotyp novy";"XY";"22 Feb 2018 at 03:01AM by vlastimil.stenzl@pcr.cz";0
236;"25_Jura";"fenotyp_novy";"1.0 - fenotyp novy";"fenotyp novy";"XY";"22 Feb 2018 at 03:01AM by vlastimil.stenzl@pcr.cz";0
237;"AA11-KIDAS-EK02";"fenotyp_novy";"1.0 - fenotyp novy";"fenotyp novy";"XY";"22 Feb 2018 at 01:13AM by vlastimil.stenzl@pcr.cz";0
238;"AA13-KIDAS-EK01";"fenotyp_novy";"1.0 - fenotyp novy";"fenotyp novy";"XY";"22 Feb 2018 at 01:13AM by vlastimil.stenzl@pcr.cz";0
239;"AA12-KIDAS-EK01";"fenotyp_novy";"1.0 - fenotyp novy";"fenotyp novy";"XY";"22 Feb 2018 at 01:13AM by vlastimil.stenzl@pcr.cz";0
240;"4_Filip_Langer";"fenotyp_novy";"1.0 - fenotyp novy";"fenotyp novy";"XY";"22 Feb 2018 at 03:01AM by vlastimil.stenzl@pcr.cz";0
241;"AA11-KIGEN-SF22";"fenotyp_novy";"1.0 - fenotyp novy";"fenotyp novy";"XY";"22 Feb 2018 at 01:13AM by vlastimil.stenzl@pcr.cz";0
242;"9_Tonda";"fenotyp_novy";"1.0 - fenotyp novy";"fenotyp novy";"XY";"22 Feb 2018 at 01:13AM by vlastimil.stenzl@pcr.cz";0
243;"Sample3";"fenotyp";"1.0 - FENOTYP-SRPEN";"FENOTYP-SRPEN";"XY";"22 Feb 2018 at 01:35AM by vlastimil.stenzl@pcr.cz";0
244;"AA17-51164-OF02";"fenotyp";"1.0 - FENOTYP-SRPEN";"FENOTYP-SRPEN";"XY";"21 Feb 2018 at 11:54PM by vlastimil.stenzl@pcr.cz";0
245;"AA17-51757-OF01";"fenotyp";"1.0 - FENOTYP-SRPEN";"FENOTYP-SRPEN";"XY";"21 Feb 2018 at 11:54PM by vlastimil.stenzl@pcr.cz";0
246;"AA17-53677-OF01";"fenotyp";"1.0 - FENOTYP-SRPEN";"FENOTYP-SRPEN";"XY";"21 Feb 2018 at 11:54PM by vlastimil.stenzl@pcr.cz";0
247;"AA17-56373-OF01";"fenotyp";"1.0 - FENOTYP-SRPEN";"FENOTYP-SRPEN";"XY";"21 Feb 2018 at 11:54PM by vlastimil.stenzl@pcr.cz";0
248;"AA17-58069-OF01";"fenotyp";"1.0 - FENOTYP-SRPEN";"FENOTYP-SRPEN";"XY";"21 Feb 2018 at 11:54PM by vlastimil.stenzl@pcr.cz";0
249;"AB17-02428-DD01";"fenotyp";"1.0 - FENOTYP-SRPEN";"FENOTYP-SRPEN";"XY";"21 Feb 2018 at 11:54PM by vlastimil.stenzl@pcr.cz";0
250;"AB17-02428-ZZ14";"fenotyp";"1.0 - FENOTYP-SRPEN";"FENOTYP-SRPEN";"XY";"21 Feb 2018 at 11:54PM by vlastimil.stenzl@pcr.cz";0
251;"AV17-01398-VK01";"fenotyp";"1.0 - FENOTYP-SRPEN";"FENOTYP-SRPEN";"XY";"21 Feb 2018 at 11:54PM by vlastimil.stenzl@pcr.cz";0
252;"AA-HONZA-B";"16-07-21";"1.0 - 16-07-21";"16-07-21";"XY";"22 Feb 2018 at 03:07AM by vlastimil.stenzl@pcr.cz";0
253;"AA17-PZLAB-SF01";"16-07-21";"1.0 - 16-07-21";"16-07-21";"XY";"22 Feb 2018 at 12:40AM by vlastimil.stenzl@pcr.cz";0
254;"AA-LBC";"16-07-21";"1.0 - 16-07-21";"16-07-21";"XY";"22 Feb 2018 at 03:07AM by vlastimil.stenzl@pcr.cz";0
255;"AA-PETR-B";"16-07-21";"1.0 - 16-07-21";"16-07-21";"XY";"22 Feb 2018 at 03:07AM by vlastimil.stenzl@pcr.cz";0
256;"AA11-KIGEN-SF07";"16-07-21";"1.0 - 16-07-21";"16-07-21";"XY";"22 Feb 2018 at 12:40AM by vlastimil.stenzl@pcr.cz";3
257;"AA-ZDENEK";"16-07-21";"1.0 - 16-07-21";"16-07-21";"XY";"22 Feb 2018 at 12:40AM by vlastimil.stenzl@pcr.cz";0
258;"AM14-00067-DD01";"16-07-21";"1.0 - 16-07-21";"16-07-21";"XY";"22 Feb 2018 at 12:40AM by vlastimil.stenzl@pcr.cz";3
259;"AT15-10556-DD01";"16-07-21";"1.0 - 16-07-21";"16-07-21";"XY";"22 Feb 2018 at 12:40AM by vlastimil.stenzl@pcr.cz";3
260;"AB14-17173-DD01";"16-07-21";"1.0 - 16-07-21";"16-07-21";"XY";"22 Feb 2018 at 12:40AM by vlastimil.stenzl@pcr.cz";0
261;"AE15-04476-DD01";"16-07-21";"1.0 - 16-07-21";"16-07-21";"XY";"22 Feb 2018 at 12:40AM by vlastimil.stenzl@pcr.cz";0
262;"AH07-06747-UP01";"16-07-21";"1.0 - 16-07-21";"16-07-21";"XY";"22 Feb 2018 at 12:40AM by vlastimil.stenzl@pcr.cz";8
263;"AH08-04653-UP01";"16-07-21";"1.0 - 16-07-21";"16-07-21";"XY";"22 Feb 2018 at 12:40AM by vlastimil.stenzl@pcr.cz";9
264;"AJ07-03385-UP01";"16-07-21";"1.0 - 16-07-21";"16-07-21";"XY";"22 Feb 2018 at 12:40AM by vlastimil.stenzl@pcr.cz";13
265;"AK08-01601-UP01";"16-07-21";"1.0 - 16-07-21";"16-07-21";"XY";"22 Feb 2018 at 12:40AM by vlastimil.stenzl@pcr.cz";5
266;"AK14-15578-DD01";"16-07-21";"1.0 - 16-07-21";"16-07-21";"XY";"22 Feb 2018 at 12:40AM by vlastimil.stenzl@pcr.cz";0
267;"AK15-05150-DD01";"16-07-21";"1.0 - 16-07-21";"16-07-21";"XY";"22 Feb 2018 at 12:40AM by vlastimil.stenzl@pcr.cz";0
268;"AK15-05151-DD01";"16-07-21";"1.0 - 16-07-21";"16-07-21";"XY";"22 Feb 2018 at 12:40AM by vlastimil.stenzl@pcr.cz";0
269;"AP15-02735-DD01";"16-07-21";"1.0 - 16-07-21";"16-07-21";"XY";"22 Feb 2018 at 12:40AM by vlastimil.stenzl@pcr.cz";5
270;"AP16-03849-DD01";"16-07-21";"1.0 - 16-07-21";"16-07-21";"XY";"22 Feb 2018 at 12:40AM by vlastimil.stenzl@pcr.cz";12
271;"AR05-00880-UP01";"16-07-21";"1.0 - 16-07-21";"16-07-21";"XY";"22 Feb 2018 at 12:40AM by vlastimil.stenzl@pcr.cz";10
272;"AV05-02801-UP01";"16-07-21";"1.0 - 16-07-21";"16-07-21";"XY";"22 Feb 2018 at 12:40AM by vlastimil.stenzl@pcr.cz";4
273;"AK15-08623-BS02";"Training_2";"1.0 - Training_2";"Training_2";"XY";"14 Sep 2016 at 01:07AM by admin@forenseq.uas";0
274;"Pavel";"Training_2";"1.0 - Training_2";"Training_2";"XY";"22 Feb 2018 at 02:05AM by vlastimil.stenzl@pcr.cz";0
275;"AA07-06009-CO75";"Training_3";"1.0 - Training_3";"Training_3";"XY";"19 Feb 2018 at 12:49AM by pavla.coufalova@pcr.cz";0
276;"AA15-53872-OF01";"varianty";"1.0 - vybrane_BS_161206";"vybrane_BS_161206";"XY";"16 Feb 2017 at 04:14AM by tomas.capal@pcr.cz";0
277;"AA15-57052-OF01";"Training_3";"1.0 - Training_3";"Training_3";"XY";"19 Feb 2018 at 12:49AM by pavla.coufalova@pcr.cz";0
278;"AA15-65404-OF01";"Training_3";"1.0 - Training_3";"Training_3";"XY";"19 Feb 2018 at 12:49AM by pavla.coufalova@pcr.cz";2
279;"AA16-50396-OF01";"Training_3";"1.0 - Training_3";"Training_3";"XY";"19 Feb 2018 at 12:49AM by pavla.coufalova@pcr.cz";0
280;"AC07-05135-CO68";"Training_3";"1.0 - Training_3";"Training_3";"XY";"19 Feb 2018 at 12:49AM by pavla.coufalova@pcr.cz";0
281;"AA07-06021-CO92";"Training_4";"2.0 - Training_4";"Training_4";"XY";"22 Feb 2018 at 01:01AM by vlastimil.stenzl@pcr.cz";0
282;"AA07-07852-OF01";"Training_4";"2.0 - Training_4";"Training_4";"XY";"22 Feb 2018 at 01:01AM by vlastimil.stenzl@pcr.cz";0
283;"AA07-07853-OF01";"Training_4";"2.0 - Training_4";"Training_4";"XY";"22 Feb 2018 at 01:01AM by vlastimil.stenzl@pcr.cz";0
284;"1";"Training_4";"1.0 - Training_4";"Training_4";"XY";"08 Apr 2016 at 06:00AM by vlastimil.stenzl@pcr.cz";0
285;"AA09-70624-OF01";"Training_4";"2.0 - Training_4";"Training_4";"XY";"22 Feb 2018 at 01:01AM by vlastimil.stenzl@pcr.cz";0
286;"AA11-57947-OF01";"Training_4";"2.0 - Training_4";"Training_4";"XY";"22 Feb 2018 at 01:01AM by vlastimil.stenzl@pcr.cz";0
287;"AV05-02628-EK25";"Training_4";"2.0 - Training_4";"Training_4";"XY";"22 Feb 2018 at 01:01AM by vlastimil.stenzl@pcr.cz";0
288;"AA16-50272-OF02";"varianty";"1.0 - vybrane_BS_161206";"vybrane_BS_161206";"XY";"16 Feb 2017 at 04:14AM by tomas.capal@pcr.cz";0
289;"AA16-50789-OF02";"varianty";"1.0 - vybrane_BS_161206";"vybrane_BS_161206";"XY";"16 Feb 2017 at 04:14AM by tomas.capal@pcr.cz";0
290;"AA16-61216-OF02";"varianty";"1.0 - vybrane_BS_161206";"vybrane_BS_161206";"XY";"16 Feb 2017 at 04:14AM by tomas.capal@pcr.cz";0
291;"AA16-61226-OF02";"varianty";"1.0 - vybrane_BS_161206";"vybrane_BS_161206";"XY";"16 Feb 2017 at 04:14AM by tomas.capal@pcr.cz";4
292;"AA16-61241-OF02";"varianty";"1.0 - vybrane_BS_161206";"vybrane_BS_161206";"XY";"16 Feb 2017 at 04:14AM by tomas.capal@pcr.cz";0
293;"AA16-61246-OF02";"varianty";"1.0 - vybrane_BS_161206";"vybrane_BS_161206";"XY";"16 Feb 2017 at 04:14AM by tomas.capal@pcr.cz";0
294;"AA16-61294-OF02";"varianty";"1.0 - vybrane_BS_161206";"vybrane_BS_161206";"XY";"16 Feb 2017 at 04:14AM by tomas.capal@pcr.cz";0
295;"AA16-62537-OF02";"varianty";"1.0 - vybrane_BS_161206";"vybrane_BS_161206";"XY";"16 Feb 2017 at 04:14AM by tomas.capal@pcr.cz";0
296;"AA16-62740-OF01";"varianty";"1.0 - vybrane_BS_161206";"vybrane_BS_161206";"XY";"16 Feb 2017 at 04:14AM by tomas.capal@pcr.cz";0
297;"AA16-62752-OF01";"varianty";"1.0 - vybrane_BS_161206";"vybrane_BS_161206";"XY";"16 Feb 2017 at 04:14AM by tomas.capal@pcr.cz";0
298;"AA16-63226-OF01";"varianty";"1.0 - vybrane_BS_161206";"vybrane_BS_161206";"XY";"16 Feb 2017 at 04:14AM by tomas.capal@pcr.cz";0
299;"AA16-65585-OF01";"varianty";"1.0 - vybrane_BS_161206";"vybrane_BS_161206";"XY";"16 Feb 2017 at 04:14AM by tomas.capal@pcr.cz";0
300;"AA16-66157-OF02";"varianty";"1.0 - vybrane_BS_161206";"vybrane_BS_161206";"XY";"16 Feb 2017 at 04:14AM by tomas.capal@pcr.cz";0
301;"AA16-66553-OF01";"varianty";"1.0 - vybrane_BS_161206";"vybrane_BS_161206";"XY";"16 Feb 2017 at 04:14AM by tomas.capal@pcr.cz";0
302;"AC07-05134-CO04";"varianty";"1.0 - vybrane_BS_161206";"vybrane_BS_161206";"XY";"16 Feb 2017 at 04:14AM by tomas.capal@pcr.cz";0
303;"MIRO-1";"varianty";"1.0 - vybrane_BS_161206";"vybrane_BS_161206";"XY";"22 Feb 2018 at 03:28AM by vlastimil.stenzl@pcr.cz";0
