"id";"sample_name";"project";"analysis";"run";"gender";"created";"no_mismatches_X"
1;"AA16-50272-OF01";"Training_3";"1.0 - Training_3";"Training_3";"XY";"19 Feb 2018 at 12:49AM by pavla.coufalova@pcr.cz";0
2;"AA16-50789-OF01";"Training_3";"1.0 - Training_3";"Training_3";"XY";"19 Feb 2018 at 12:49AM by pavla.coufalova@pcr.cz";0
3;"AA16-52866-OF01";"varianty";"1.0 - vybrane_BS_161206";"vybrane_BS_161206";"XY";"16 Feb 2017 at 04:14AM by tomas.capal@pcr.cz";0
4;"AA16-54932-OF01";"varianty";"1.0 - vybrane_BS_161206";"vybrane_BS_161206";"XY";"16 Feb 2017 at 04:14AM by tomas.capal@pcr.cz";0
5;"AA16-59558-OF01";"24315";"1.0 - 24315";"24315";"XY";"10 Nov 2017 at 05:22AM by pavla.coufalova@pcr.cz";0
6;"AA16-60368-OF01";"varianty";"1.0 - vybrane_BS_161206";"vybrane_BS_161206";"XY";"16 Feb 2017 at 04:14AM by tomas.capal@pcr.cz";0
7;"AA16-61186-OF01";"varianty";"1.0 - vybrane_BS_161206";"vybrane_BS_161206";"XY";"16 Feb 2017 at 04:14AM by tomas.capal@pcr.cz";0
8;"AA16-61501-OF01";"24315";"1.0 - 24315";"24315";"XY";"10 Nov 2017 at 05:22AM by pavla.coufalova@pcr.cz";0
9;"AA16-61502-OF01";"24315";"1.0 - 24315";"24315";"XY";"10 Nov 2017 at 05:22AM by pavla.coufalova@pcr.cz";0
10;"AA16-61503-OF01";"24315";"1.0 - 24315";"24315";"XY";"10 Nov 2017 at 05:22AM by pavla.coufalova@pcr.cz";0
11;"AA16-61504-OF01";"24315";"1.0 - 24315";"24315";"XY";"10 Nov 2017 at 05:22AM by pavla.coufalova@pcr.cz";0
12;"AA16-61505-OF01";"24315";"1.0 - 24315";"24315";"XY";"10 Nov 2017 at 05:22AM by pavla.coufalova@pcr.cz";0
13;"AA16-61506-OF01";"24315";"1.0 - 24315";"24315";"XY";"10 Nov 2017 at 05:22AM by pavla.coufalova@pcr.cz";0
14;"AA16-61507-OF01";"24315";"1.0 - 24315";"24315";"XY";"10 Nov 2017 at 05:22AM by pavla.coufalova@pcr.cz";0
15;"AA16-61508-OF01";"24315";"1.0 - 24315";"24315";"XY";"10 Nov 2017 at 05:22AM by pavla.coufalova@pcr.cz";0
16;"AA16-61509-OF01";"24315";"1.0 - 24315";"24315";"XY";"10 Nov 2017 at 05:22AM by pavla.coufalova@pcr.cz";0
17;"AA16-61510-OF01";"24315";"1.0 - 24315";"24315";"XY";"10 Nov 2017 at 05:22AM by pavla.coufalova@pcr.cz";0
18;"AA16-61511-OF01";"24315";"1.0 - 24315";"24315";"XY";"10 Nov 2017 at 05:22AM by pavla.coufalova@pcr.cz";0
19;"AA16-61513-OF01";"24315";"1.0 - 24315";"24315";"XY";"10 Nov 2017 at 05:22AM by pavla.coufalova@pcr.cz";0
20;"AA16-61514-OF01";"24315";"1.0 - 24315";"24315";"XY";"10 Nov 2017 at 05:22AM by pavla.coufalova@pcr.cz";0
21;"AA16-61515-OF01";"24315";"1.0 - 24315";"24315";"XX";"10 Nov 2017 at 05:22AM by pavla.coufalova@pcr.cz";0
22;"AA16-61516-OF01";"24315";"1.0 - 24315";"24315";"XY";"10 Nov 2017 at 05:22AM by pavla.coufalova@pcr.cz";0
23;"AA16-61517-OF01";"24315";"1.0 - 24315";"24315";"XX";"10 Nov 2017 at 05:22AM by pavla.coufalova@pcr.cz";0
24;"AA16-61518-OF01";"24315";"1.0 - 24315";"24315";"XX";"10 Nov 2017 at 05:22AM by pavla.coufalova@pcr.cz";0
25;"AA16-61519-OF01";"24315";"1.0 - 24315";"24315";"XY";"10 Nov 2017 at 05:22AM by pavla.coufalova@pcr.cz";0
26;"AA16-61520-OF01";"24315";"1.0 - 24315";"24315";"XY";"10 Nov 2017 at 05:22AM by pavla.coufalova@pcr.cz";0
27;"AA16-61521-OF01";"24315";"1.0 - 24315";"24315";"XY";"10 Nov 2017 at 05:22AM by pavla.coufalova@pcr.cz";0
28;"AA16-61522-OF01";"24315";"1.0 - 24315";"24315";"XY";"10 Nov 2017 at 05:22AM by pavla.coufalova@pcr.cz";0
29;"AA16-61523-OF01";"24315";"1.0 - 24315";"24315";"XY";"10 Nov 2017 at 05:22AM by pavla.coufalova@pcr.cz";0
30;"AA16-61524-OF01";"24315";"1.0 - 24315";"24315";"XY";"10 Nov 2017 at 05:22AM by pavla.coufalova@pcr.cz";0
31;"AA16-61525-OF01";"24315";"1.0 - 24315";"24315";"XY";"10 Nov 2017 at 05:22AM by pavla.coufalova@pcr.cz";0
32;"AA16-61526-OF01";"24315";"1.0 - 24315";"24315";"XY";"10 Nov 2017 at 05:22AM by pavla.coufalova@pcr.cz";0
33;"AA16-61527-OF01";"24315";"1.0 - 24315";"24315";"XY";"10 Nov 2017 at 05:22AM by pavla.coufalova@pcr.cz";0
34;"AA16-61528-OF01";"24315";"1.0 - 24315";"24315";"XY";"10 Nov 2017 at 05:22AM by pavla.coufalova@pcr.cz";0
35;"AA16-61529-OF01";"24315";"1.0 - 24315";"24315";"XY";"10 Nov 2017 at 05:22AM by pavla.coufalova@pcr.cz";0
36;"AA16-61530-OF01";"24315";"1.0 - 24315";"24315";"XX";"10 Nov 2017 at 05:22AM by pavla.coufalova@pcr.cz";0
37;"AA16-61531-OF01";"24315";"1.0 - 24315";"24315";"XY";"10 Nov 2017 at 05:22AM by pavla.coufalova@pcr.cz";0
38;"AA16-61532-OF01";"24315";"1.0 - 24315";"24315";"XY";"10 Nov 2017 at 05:22AM by pavla.coufalova@pcr.cz";0
39;"AA16-61533-OF01";"24315";"1.0 - 24315";"24315";"XY";"10 Nov 2017 at 05:22AM by pavla.coufalova@pcr.cz";0
40;"AA16-61534-OF01";"24315";"1.0 - 24315";"24315";"XY";"10 Nov 2017 at 05:22AM by pavla.coufalova@pcr.cz";0
41;"AA16-61535-OF01";"24315";"1.0 - 24315";"24315";"XY";"10 Nov 2017 at 05:22AM by pavla.coufalova@pcr.cz";0
42;"AA16-61536-OF01";"24315";"1.0 - 24315";"24315";"XX";"10 Nov 2017 at 05:22AM by pavla.coufalova@pcr.cz";0
43;"AA16-61537-OF01";"24315";"1.0 - 24315";"24315";"XX";"10 Nov 2017 at 05:22AM by pavla.coufalova@pcr.cz";0
44;"AA16-61538-OF01";"24315";"1.0 - 24315";"24315";"XY";"10 Nov 2017 at 05:22AM by pavla.coufalova@pcr.cz";0
45;"AA16-61539-OF01";"24315";"1.0 - 24315";"24315";"XY";"10 Nov 2017 at 05:22AM by pavla.coufalova@pcr.cz";0
46;"AA16-61540-OF01";"24315";"1.0 - 24315";"24315";"XY";"10 Nov 2017 at 05:22AM by pavla.coufalova@pcr.cz";0
47;"AA16-61541-OF01";"24315";"1.0 - 24315";"24315";"XY";"10 Nov 2017 at 05:22AM by pavla.coufalova@pcr.cz";0
48;"AA16-61542-OF01";"24315";"1.0 - 24315";"24315";"XY";"10 Nov 2017 at 05:22AM by pavla.coufalova@pcr.cz";0
49;"AA16-61543-OF01";"24315";"1.0 - 24315";"24315";"XY";"10 Nov 2017 at 05:22AM by pavla.coufalova@pcr.cz";0
50;"AA16-61544-OF01";"24315";"1.0 - 24315";"24315";"XY";"10 Nov 2017 at 05:22AM by pavla.coufalova@pcr.cz";0
51;"AA16-61545-OF01";"24315";"1.0 - 24315";"24315";"XY";"10 Nov 2017 at 05:22AM by pavla.coufalova@pcr.cz";0
52;"AA16-61546-OF01";"24315";"1.0 - 24315";"24315";"XX";"10 Nov 2017 at 05:22AM by pavla.coufalova@pcr.cz";0
53;"AA16-61547-OF01";"24315";"1.0 - 24315";"24315";"XY";"10 Nov 2017 at 05:22AM by pavla.coufalova@pcr.cz";0
54;"AA16-61548-OF01";"24315";"1.0 - 24315";"24315";"XY";"10 Nov 2017 at 05:22AM by pavla.coufalova@pcr.cz";0
55;"AA16-61549-OF01";"24315";"1.0 - 24315";"24315";"XY";"10 Nov 2017 at 05:22AM by pavla.coufalova@pcr.cz";0
56;"AA16-61550-OF01";"24315";"1.0 - 24315";"24315";"XY";"10 Nov 2017 at 05:22AM by pavla.coufalova@pcr.cz";0
57;"AA16-61551-OF01";"24315";"1.0 - 24315";"24315";"XY";"10 Nov 2017 at 05:22AM by pavla.coufalova@pcr.cz";0
58;"AA16-61552-OF01";"24315";"1.0 - 24315";"24315";"XY";"10 Nov 2017 at 05:22AM by pavla.coufalova@pcr.cz";0
59;"AA16-61553-OF01";"24315";"1.0 - 24315";"24315";"XY";"10 Nov 2017 at 05:22AM by pavla.coufalova@pcr.cz";0
60;"AA16-61554-OF01";"24315";"1.0 - 24315";"24315";"XY";"10 Nov 2017 at 05:22AM by pavla.coufalova@pcr.cz";0
61;"AA16-61555-OF01";"24315";"1.0 - 24315";"24315";"XX";"10 Nov 2017 at 05:22AM by pavla.coufalova@pcr.cz";0
62;"AA16-61556-OF01";"24315";"1.0 - 24315";"24315";"XX";"10 Nov 2017 at 05:22AM by pavla.coufalova@pcr.cz";0
63;"AA16-61557-OF01";"24315";"1.0 - 24315";"24315";"XY";"10 Nov 2017 at 05:22AM by pavla.coufalova@pcr.cz";0
64;"AA16-61558-OF01";"24315";"1.0 - 24315";"24315";"XY";"10 Nov 2017 at 05:22AM by pavla.coufalova@pcr.cz";0
65;"AA16-61559-OF01";"24315";"1.0 - 24315";"24315";"XY";"10 Nov 2017 at 05:22AM by pavla.coufalova@pcr.cz";0
66;"AA16-61560-OF01";"24315";"1.0 - 24315";"24315";"XY";"10 Nov 2017 at 05:22AM by pavla.coufalova@pcr.cz";0
67;"AA16-61561-OF01";"24315";"1.0 - 24315";"24315";"XX";"10 Nov 2017 at 05:22AM by pavla.coufalova@pcr.cz";0
68;"AA16-61562-OF01";"24315";"1.0 - 24315";"24315";"XY";"10 Nov 2017 at 05:22AM by pavla.coufalova@pcr.cz";0
69;"AA16-61563-OF01";"24315";"1.0 - 24315";"24315";"XY";"10 Nov 2017 at 05:22AM by pavla.coufalova@pcr.cz";0
70;"AA16-61564-OF01";"24315";"1.0 - 24315";"24315";"XY";"10 Nov 2017 at 05:22AM by pavla.coufalova@pcr.cz";0
71;"AA16-61565-OF01";"24315";"1.0 - 24315";"24315";"XY";"10 Nov 2017 at 05:22AM by pavla.coufalova@pcr.cz";0
72;"AA16-61566-OF01";"24315";"1.0 - 24315";"24315";"XY";"10 Nov 2017 at 05:22AM by pavla.coufalova@pcr.cz";0
73;"AA16-61567-OF01";"24315";"1.0 - 24315";"24315";"XY";"10 Nov 2017 at 05:22AM by pavla.coufalova@pcr.cz";0
74;"AA16-61568-OF01";"24315";"1.0 - 24315";"24315";"XY";"10 Nov 2017 at 05:22AM by pavla.coufalova@pcr.cz";0
75;"AA16-61569-OF01";"24315";"1.0 - 24315";"24315";"XX";"10 Nov 2017 at 05:22AM by pavla.coufalova@pcr.cz";0
76;"AA16-61570-OF01";"24315";"1.0 - 24315";"24315";"XX";"10 Nov 2017 at 05:22AM by pavla.coufalova@pcr.cz";0
77;"AA16-61571-OF01";"24315";"1.0 - 24315";"24315";"XY";"10 Nov 2017 at 05:22AM by pavla.coufalova@pcr.cz";0
78;"AA16-61572-OF01";"24315";"1.0 - 24315";"24315";"XY";"10 Nov 2017 at 05:22AM by pavla.coufalova@pcr.cz";0
79;"AA16-61573-OF01";"24315";"1.0 - 24315";"24315";"XY";"10 Nov 2017 at 05:22AM by pavla.coufalova@pcr.cz";0
80;"AA16-61574-OF01";"24315";"1.0 - 24315";"24315";"XY";"10 Nov 2017 at 05:22AM by pavla.coufalova@pcr.cz";0
81;"AA16-61575-OF01";"24315";"1.0 - 24315";"24315";"XY";"10 Nov 2017 at 05:22AM by pavla.coufalova@pcr.cz";0
82;"AA16-61576-OF01";"24315";"1.0 - 24315";"24315";"XY";"10 Nov 2017 at 05:22AM by pavla.coufalova@pcr.cz";0
83;"AA16-61577-OF01";"24315";"1.0 - 24315";"24315";"XY";"10 Nov 2017 at 05:22AM by pavla.coufalova@pcr.cz";0
84;"AA16-61579-OF01";"24315";"1.0 - 24315";"24315";"XX";"10 Nov 2017 at 05:22AM by pavla.coufalova@pcr.cz";0
85;"AA16-61580-OF01";"24315";"1.0 - 24315";"24315";"XY";"10 Nov 2017 at 05:22AM by pavla.coufalova@pcr.cz";0
86;"AA16-61581-OF01";"24315";"1.0 - 24315";"24315";"XY";"10 Nov 2017 at 05:22AM by pavla.coufalova@pcr.cz";0
87;"AA16-61582-OF01";"24315";"1.0 - 24315";"24315";"XY";"10 Nov 2017 at 05:22AM by pavla.coufalova@pcr.cz";0
88;"AA16-61583-OF01";"24315";"1.0 - 24315";"24315";"XY";"10 Nov 2017 at 05:22AM by pavla.coufalova@pcr.cz";0
89;"AA16-61584-OF01";"24315";"1.0 - 24315";"24315";"XY";"10 Nov 2017 at 05:22AM by pavla.coufalova@pcr.cz";0
90;"AA16-61586-OF01";"24315";"1.0 - 24315";"24315";"XX";"10 Nov 2017 at 05:22AM by pavla.coufalova@pcr.cz";0
91;"AA16-61587-OF01";"24315";"1.0 - 24315";"24315";"XY";"10 Nov 2017 at 05:22AM by pavla.coufalova@pcr.cz";0
92;"AA16-61588-OF01";"24315";"1.0 - 24315";"24315";"XY";"10 Nov 2017 at 05:22AM by pavla.coufalova@pcr.cz";0
93;"AA16-61590-OF01";"24315";"1.0 - 24315";"24315";"XY";"10 Nov 2017 at 05:22AM by pavla.coufalova@pcr.cz";0
94;"AA16-61591-OF01";"24315";"1.0 - 24315";"24315";"XY";"10 Nov 2017 at 05:22AM by pavla.coufalova@pcr.cz";0
95;"AA16-65634-OF01";"24717";"1.0 - 24717";"24717";"XX";"13 Nov 2017 at 06:27AM by pavla.coufalova@pcr.cz";0
96;"AA16-65635-OF01";"24717";"1.0 - 24717";"24717";"XY";"13 Nov 2017 at 06:27AM by pavla.coufalova@pcr.cz";0
97;"AA16-65637-OF01";"24717";"1.0 - 24717";"24717";"XY";"13 Nov 2017 at 06:27AM by pavla.coufalova@pcr.cz";0
98;"AA16-65638-OF01";"24717";"1.0 - 24717";"24717";"XY";"13 Nov 2017 at 06:27AM by pavla.coufalova@pcr.cz";0
99;"AA16-65639-OF01";"24717";"1.0 - 24717";"24717";"XY";"13 Nov 2017 at 06:27AM by pavla.coufalova@pcr.cz";0
100;"AA16-65640-OF01";"24717";"1.0 - 24717";"24717";"XY";"13 Nov 2017 at 06:27AM by pavla.coufalova@pcr.cz";0
101;"AA16-65641-OF01";"24717";"1.0 - 24717";"24717";"XY";"13 Nov 2017 at 06:27AM by pavla.coufalova@pcr.cz";0
102;"AA16-65642-OF01";"24717";"1.0 - 24717";"24717";"XY";"13 Nov 2017 at 06:27AM by pavla.coufalova@pcr.cz";0
103;"AA16-65643-OF01";"24717";"1.0 - 24717";"24717";"XY";"13 Nov 2017 at 06:27AM by pavla.coufalova@pcr.cz";0
104;"AA16-65644-OF01";"24717";"1.0 - 24717";"24717";"XY";"13 Nov 2017 at 06:27AM by pavla.coufalova@pcr.cz";0
105;"AA16-65645-OF01";"24717";"1.0 - 24717";"24717";"XY";"13 Nov 2017 at 06:27AM by pavla.coufalova@pcr.cz";0
106;"AA16-65646-OF01";"24717";"1.0 - 24717";"24717";"XY";"13 Nov 2017 at 06:27AM by pavla.coufalova@pcr.cz";0
107;"AA16-65647-OF01";"24717";"1.0 - 24717";"24717";"XX";"13 Nov 2017 at 06:27AM by pavla.coufalova@pcr.cz";0
108;"AA16-65648-OF01";"24717";"1.0 - 24717";"24717";"XY";"13 Nov 2017 at 06:27AM by pavla.coufalova@pcr.cz";0
109;"AA16-65649-OF01";"24717";"1.0 - 24717";"24717";"XY";"13 Nov 2017 at 06:27AM by pavla.coufalova@pcr.cz";0
110;"AA16-65650-OF01";"24717";"1.0 - 24717";"24717";"XY";"13 Nov 2017 at 06:27AM by pavla.coufalova@pcr.cz";0
111;"AA16-65651-OF01";"24717";"1.0 - 24717";"24717";"XY";"13 Nov 2017 at 06:27AM by pavla.coufalova@pcr.cz";0
112;"AA16-65652-OF01";"24717";"1.0 - 24717";"24717";"XX";"13 Nov 2017 at 06:27AM by pavla.coufalova@pcr.cz";0
113;"AA16-65653-OF01";"24717";"1.0 - 24717";"24717";"XY";"13 Nov 2017 at 06:27AM by pavla.coufalova@pcr.cz";0
114;"AA16-65654-OF01";"24717";"1.0 - 24717";"24717";"XY";"13 Nov 2017 at 06:27AM by pavla.coufalova@pcr.cz";0
115;"AA16-65655-OF01";"24717";"1.0 - 24717";"24717";"XY";"13 Nov 2017 at 06:27AM by pavla.coufalova@pcr.cz";0
116;"AA16-65656-OF01";"24717";"1.0 - 24717";"24717";"XY";"13 Nov 2017 at 06:27AM by pavla.coufalova@pcr.cz";0
117;"AA16-65657-OF01";"24717";"1.0 - 24717";"24717";"XY";"13 Nov 2017 at 06:27AM by pavla.coufalova@pcr.cz";0
118;"AA16-65658-OF01";"24717";"1.0 - 24717";"24717";"XY";"13 Nov 2017 at 06:27AM by pavla.coufalova@pcr.cz";0
119;"AA16-65659-OF01";"24717";"1.0 - 24717";"24717";"XY";"13 Nov 2017 at 06:28AM by pavla.coufalova@pcr.cz";0
120;"AA16-65660-OF01";"24717";"1.0 - 24717";"24717";"XY";"13 Nov 2017 at 06:28AM by pavla.coufalova@pcr.cz";0
121;"AA16-65661-OF01";"24717";"1.0 - 24717";"24717";"XY";"13 Nov 2017 at 06:28AM by pavla.coufalova@pcr.cz";0
122;"AA16-65662-OF01";"24717";"1.0 - 24717";"24717";"XY";"13 Nov 2017 at 06:28AM by pavla.coufalova@pcr.cz";0
123;"AA16-65663-OF01";"24717";"1.0 - 24717";"24717";"XY";"13 Nov 2017 at 06:28AM by pavla.coufalova@pcr.cz";0
124;"AA16-65664-OF01";"24717";"1.0 - 24717";"24717";"XY";"13 Nov 2017 at 06:28AM by pavla.coufalova@pcr.cz";0
125;"AA16-65665-OF01";"24717";"1.0 - 24717";"24717";"XX";"13 Nov 2017 at 06:28AM by pavla.coufalova@pcr.cz";0
126;"AA16-65666-OF01";"24717";"1.0 - 24717";"24717";"XY";"13 Nov 2017 at 06:28AM by pavla.coufalova@pcr.cz";0
127;"AA16-65667-OF01";"24717";"1.0 - 24717";"24717";"XY";"13 Nov 2017 at 06:28AM by pavla.coufalova@pcr.cz";0
128;"AA16-65668-OF01";"24717";"1.0 - 24717";"24717";"XY";"13 Nov 2017 at 06:28AM by pavla.coufalova@pcr.cz";0
129;"AA16-65669-OF01";"24717";"1.0 - 24717";"24717";"XY";"13 Nov 2017 at 06:28AM by pavla.coufalova@pcr.cz";0
130;"AA16-65670-OF01";"24717";"1.0 - 24717";"24717";"XY";"13 Nov 2017 at 06:28AM by pavla.coufalova@pcr.cz";0
131;"AA16-65671-OF01";"24717";"1.0 - 24717";"24717";"XX";"13 Nov 2017 at 06:28AM by pavla.coufalova@pcr.cz";0
132;"AA16-65672-OF01";"24717";"1.0 - 24717";"24717";"XY";"13 Nov 2017 at 06:28AM by pavla.coufalova@pcr.cz";0
133;"AA16-65673-OF01";"24717";"1.0 - 24717";"24717";"XY";"13 Nov 2017 at 06:28AM by pavla.coufalova@pcr.cz";0
134;"AA16-65674-OF01";"24717";"1.0 - 24717";"24717";"XY";"13 Nov 2017 at 06:28AM by pavla.coufalova@pcr.cz";0
135;"AA16-65675-OF01";"24717";"1.0 - 24717";"24717";"XY";"13 Nov 2017 at 06:28AM by pavla.coufalova@pcr.cz";0
136;"AA16-65676-OF01";"24717";"1.0 - 24717";"24717";"XY";"13 Nov 2017 at 06:28AM by pavla.coufalova@pcr.cz";0
137;"AA16-65677-OF01";"24717";"1.0 - 24717";"24717";"XY";"13 Nov 2017 at 06:28AM by pavla.coufalova@pcr.cz";0
138;"AA16-65678-OF01";"24717";"1.0 - 24717";"24717";"XY";"13 Nov 2017 at 06:28AM by pavla.coufalova@pcr.cz";0
139;"AA16-65679-OF01";"24717";"1.0 - 24717";"24717";"XY";"13 Nov 2017 at 06:28AM by pavla.coufalova@pcr.cz";0
140;"AA16-65680-OF01";"24717";"1.0 - 24717";"24717";"XY";"13 Nov 2017 at 06:28AM by pavla.coufalova@pcr.cz";0
141;"AA16-65681-OF01";"24717";"1.0 - 24717";"24717";"XY";"13 Nov 2017 at 06:28AM by pavla.coufalova@pcr.cz";0
142;"AA16-65682-OF01";"24717";"1.0 - 24717";"24717";"XY";"13 Nov 2017 at 06:28AM by pavla.coufalova@pcr.cz";0
143;"AA16-65683-OF01";"24717";"1.0 - 24717";"24717";"XY";"13 Nov 2017 at 06:28AM by pavla.coufalova@pcr.cz";0
144;"AA16-65684-OF01";"24717";"1.0 - 24717";"24717";"XY";"13 Nov 2017 at 06:28AM by pavla.coufalova@pcr.cz";0
145;"AA16-65685-OF01";"24717";"1.0 - 24717";"24717";"XX";"13 Nov 2017 at 06:28AM by pavla.coufalova@pcr.cz";0
146;"AA16-65686-OF01";"24717";"1.0 - 24717";"24717";"XY";"13 Nov 2017 at 06:28AM by pavla.coufalova@pcr.cz";0
147;"AA16-65687-OF01";"24717";"1.0 - 24717";"24717";"XX";"13 Nov 2017 at 06:28AM by pavla.coufalova@pcr.cz";0
148;"AA16-65688-OF01";"24717";"1.0 - 24717";"24717";"XY";"13 Nov 2017 at 06:28AM by pavla.coufalova@pcr.cz";0
149;"AA16-65689-OF01";"24717";"1.0 - 24717";"24717";"XY";"13 Nov 2017 at 06:28AM by pavla.coufalova@pcr.cz";0
150;"AA16-65690-OF01";"24717";"1.0 - 24717";"24717";"XY";"13 Nov 2017 at 06:28AM by pavla.coufalova@pcr.cz";0
151;"AA16-65691-OF01";"24717";"1.0 - 24717";"24717";"XY";"13 Nov 2017 at 06:28AM by pavla.coufalova@pcr.cz";0
152;"AA16-65692-OF01";"24717";"1.0 - 24717";"24717";"XX";"13 Nov 2017 at 06:28AM by pavla.coufalova@pcr.cz";0
153;"AA16-65693-OF01";"24717";"1.0 - 24717";"24717";"XY";"13 Nov 2017 at 06:28AM by pavla.coufalova@pcr.cz";0
154;"AA16-65694-OF01";"24717";"1.0 - 24717";"24717";"XY";"13 Nov 2017 at 06:28AM by pavla.coufalova@pcr.cz";0
155;"AA16-65695-OF01";"24717";"1.0 - 24717";"24717";"XY";"13 Nov 2017 at 06:28AM by pavla.coufalova@pcr.cz";0
156;"AA16-65696-OF01";"24717";"1.0 - 24717";"24717";"XY";"13 Nov 2017 at 06:28AM by pavla.coufalova@pcr.cz";0
157;"AA16-65697-OF01";"24717";"1.0 - 24717";"24717";"XY";"13 Nov 2017 at 06:28AM by pavla.coufalova@pcr.cz";0
158;"AA16-65698-OF01";"24717";"1.0 - 24717";"24717";"XY";"13 Nov 2017 at 06:28AM by pavla.coufalova@pcr.cz";0
159;"AA16-65699-OF01";"24717";"1.0 - 24717";"24717";"XY";"13 Nov 2017 at 06:28AM by pavla.coufalova@pcr.cz";0
160;"AA16-65700-OF01";"24717";"1.0 - 24717";"24717";"XY";"13 Nov 2017 at 06:28AM by pavla.coufalova@pcr.cz";0
161;"AA16-65701-OF01";"24717";"1.0 - 24717";"24717";"XY";"13 Nov 2017 at 06:28AM by pavla.coufalova@pcr.cz";0
162;"AA16-65702-OF01";"24717";"1.0 - 24717";"24717";"XY";"13 Nov 2017 at 06:28AM by pavla.coufalova@pcr.cz";0
163;"AA16-65703-OF01";"24717";"1.0 - 24717";"24717";"XY";"13 Nov 2017 at 06:28AM by pavla.coufalova@pcr.cz";0
164;"AA16-65704-OF01";"24717";"1.0 - 24717";"24717";"XY";"13 Nov 2017 at 06:28AM by pavla.coufalova@pcr.cz";0
165;"AA16-65705-OF01";"24717";"1.0 - 24717";"24717";"XY";"13 Nov 2017 at 06:28AM by pavla.coufalova@pcr.cz";0
166;"AA16-65706-OF01";"24717";"1.0 - 24717";"24717";"XY";"13 Nov 2017 at 06:28AM by pavla.coufalova@pcr.cz";0
167;"AA16-65707-OF01";"24717";"1.0 - 24717";"24717";"XY";"13 Nov 2017 at 06:28AM by pavla.coufalova@pcr.cz";0
168;"AA16-65708-OF01";"24717";"1.0 - 24717";"24717";"XY";"13 Nov 2017 at 06:28AM by pavla.coufalova@pcr.cz";0
169;"AA16-65709-OF01";"24717";"1.0 - 24717";"24717";"XY";"13 Nov 2017 at 06:28AM by pavla.coufalova@pcr.cz";0
170;"AA16-65711-OF01";"24717";"1.0 - 24717";"24717";"XX";"13 Nov 2017 at 06:28AM by pavla.coufalova@pcr.cz";0
171;"AA16-65712-OF01";"24717";"1.0 - 24717";"24717";"XY";"13 Nov 2017 at 06:28AM by pavla.coufalova@pcr.cz";0
172;"AA16-65713-OF01";"24717";"1.0 - 24717";"24717";"XX";"13 Nov 2017 at 06:28AM by pavla.coufalova@pcr.cz";0
173;"AA16-65714-OF01";"24717";"1.0 - 24717";"24717";"XY";"13 Nov 2017 at 06:28AM by pavla.coufalova@pcr.cz";0
174;"AA07-01666-OF61";"25311";"1.0 - 25311";"25311";"XY";"13 Nov 2017 at 06:09AM by pavla.coufalova@pcr.cz";0
175;"AA07-05965-CO62";"25311";"1.0 - 25311";"25311";"XY";"13 Nov 2017 at 06:09AM by pavla.coufalova@pcr.cz";0
176;"AA07-06027-CO50";"25311";"1.0 - 25311";"25311";"XY";"13 Nov 2017 at 06:09AM by pavla.coufalova@pcr.cz";0
177;"AA07-06027-CO65";"25311";"1.0 - 25311";"25311";"XY";"13 Nov 2017 at 06:09AM by pavla.coufalova@pcr.cz";0
178;"AA07-06027-CO75";"25311";"1.0 - 25311";"25311";"XY";"13 Nov 2017 at 06:09AM by pavla.coufalova@pcr.cz";0
179;"AA07-06028-CO69";"25311";"1.0 - 25311";"25311";"XY";"13 Nov 2017 at 06:09AM by pavla.coufalova@pcr.cz";0
180;"AA07-06028-CO79";"25311";"1.0 - 25311";"25311";"XY";"13 Nov 2017 at 06:09AM by pavla.coufalova@pcr.cz";0
181;"AA07-06028-CO84";"25311";"1.0 - 25311";"25311";"XY";"13 Nov 2017 at 06:09AM by pavla.coufalova@pcr.cz";0
182;"AA07-06029-CO05";"25311";"1.0 - 25311";"25311";"XY";"13 Nov 2017 at 06:09AM by pavla.coufalova@pcr.cz";0
183;"AA07-06029-CO20";"25311";"1.0 - 25311";"25311";"XY";"13 Nov 2017 at 06:09AM by pavla.coufalova@pcr.cz";0
184;"AA07-06029-CO24";"25311";"1.0 - 25311";"25311";"XY";"13 Nov 2017 at 06:09AM by pavla.coufalova@pcr.cz";0
185;"AA07-06029-CO52";"25311";"1.0 - 25311";"25311";"XY";"13 Nov 2017 at 06:09AM by pavla.coufalova@pcr.cz";0
186;"AA07-06029-CO57";"25311";"1.0 - 25311";"25311";"XY";"13 Nov 2017 at 06:09AM by pavla.coufalova@pcr.cz";0
187;"AA07-06029-CO59";"25311";"1.0 - 25311";"25311";"XY";"13 Nov 2017 at 06:09AM by pavla.coufalova@pcr.cz";0
188;"AA07-06029-CO71";"25311";"1.0 - 25311";"25311";"XY";"13 Nov 2017 at 06:09AM by pavla.coufalova@pcr.cz";0
189;"AA07-06029-CO85";"25311";"1.0 - 25311";"25311";"XY";"13 Nov 2017 at 06:09AM by pavla.coufalova@pcr.cz";0
190;"AA07-06029-CO89";"25311";"1.0 - 25311";"25311";"XY";"13 Nov 2017 at 06:09AM by pavla.coufalova@pcr.cz";0
191;"AA07-06030-CO15";"25311";"1.0 - 25311";"25311";"XY";"13 Nov 2017 at 06:09AM by pavla.coufalova@pcr.cz";0
192;"AA07-06030-CO36";"25311";"1.0 - 25311";"25311";"XY";"13 Nov 2017 at 06:09AM by pavla.coufalova@pcr.cz";0
193;"AA07-06030-CO80";"25311";"1.0 - 25311";"25311";"XY";"13 Nov 2017 at 06:09AM by pavla.coufalova@pcr.cz";0
194;"AA07-06030-CO82";"25311";"1.0 - 25311";"25311";"XY";"13 Nov 2017 at 06:09AM by pavla.coufalova@pcr.cz";0
195;"AA07-06031-CO09";"25311";"1.0 - 25311";"25311";"XY";"13 Nov 2017 at 06:10AM by pavla.coufalova@pcr.cz";0
196;"AA07-06031-CO12";"25311";"1.0 - 25311";"25311";"XY";"13 Nov 2017 at 06:10AM by pavla.coufalova@pcr.cz";0
197;"AA07-06031-CO26";"25311";"1.0 - 25311";"25311";"XY";"13 Nov 2017 at 06:10AM by pavla.coufalova@pcr.cz";0
198;"AA07-06031-CO56";"25311";"1.0 - 25311";"25311";"XY";"13 Nov 2017 at 06:10AM by pavla.coufalova@pcr.cz";0
199;"AA07-06031-CO58";"25311";"1.0 - 25311";"25311";"XY";"13 Nov 2017 at 06:10AM by pavla.coufalova@pcr.cz";0
200;"AA07-06031-CO59";"25311";"1.0 - 25311";"25311";"XY";"13 Nov 2017 at 06:10AM by pavla.coufalova@pcr.cz";0
201;"AA07-06033-CO61";"25311";"1.0 - 25311";"25311";"XY";"13 Nov 2017 at 06:10AM by pavla.coufalova@pcr.cz";0
202;"AA07-06031-CO81";"25311";"1.0 - 25311";"25311";"XY";"13 Nov 2017 at 06:10AM by pavla.coufalova@pcr.cz";0
203;"AA07-06031-CO83";"25311";"1.0 - 25311";"25311";"XY";"13 Nov 2017 at 06:10AM by pavla.coufalova@pcr.cz";0
204;"AA07-06032-CO08";"25311";"1.0 - 25311";"25311";"XY";"13 Nov 2017 at 06:09AM by pavla.coufalova@pcr.cz";0
205;"AA07-06032-CO19";"25311";"1.0 - 25311";"25311";"XY";"13 Nov 2017 at 06:09AM by pavla.coufalova@pcr.cz";0
206;"AA07-06032-CO36";"25311";"1.0 - 25311";"25311";"XY";"13 Nov 2017 at 06:09AM by pavla.coufalova@pcr.cz";0
207;"AA07-06032-CO38";"25311";"1.0 - 25311";"25311";"XY";"13 Nov 2017 at 06:10AM by pavla.coufalova@pcr.cz";0
208;"AA07-06032-CO40";"25311";"1.0 - 25311";"25311";"XY";"13 Nov 2017 at 06:10AM by pavla.coufalova@pcr.cz";0
209;"AA07-06032-CO44";"25311";"1.0 - 25311";"25311";"XY";"13 Nov 2017 at 06:10AM by pavla.coufalova@pcr.cz";0
210;"AA07-06032-CO47";"25311";"1.0 - 25311";"25311";"XY";"13 Nov 2017 at 06:10AM by pavla.coufalova@pcr.cz";0
211;"AA07-06032-CO48";"25311";"1.0 - 25311";"25311";"XY";"13 Nov 2017 at 06:10AM by pavla.coufalova@pcr.cz";0
212;"AA07-06032-CO52";"25311";"1.0 - 25311";"25311";"XY";"13 Nov 2017 at 06:10AM by pavla.coufalova@pcr.cz";0
213;"AA07-06032-CO54";"25311";"1.0 - 25311";"25311";"XY";"13 Nov 2017 at 06:10AM by pavla.coufalova@pcr.cz";0
214;"AA07-06032-CO56";"25311";"1.0 - 25311";"25311";"XY";"13 Nov 2017 at 06:10AM by pavla.coufalova@pcr.cz";0
215;"AA07-06032-CO57";"25311";"1.0 - 25311";"25311";"XX";"13 Nov 2017 at 06:10AM by pavla.coufalova@pcr.cz";0
216;"AA07-06032-CO70";"25311";"1.0 - 25311";"25311";"XY";"13 Nov 2017 at 06:10AM by pavla.coufalova@pcr.cz";0
217;"AA07-06032-CO85";"25311";"1.0 - 25311";"25311";"XY";"13 Nov 2017 at 06:10AM by pavla.coufalova@pcr.cz";0
218;"AA07-06033-CO01";"25311";"1.0 - 25311";"25311";"XX";"13 Nov 2017 at 06:10AM by pavla.coufalova@pcr.cz";0
219;"AA07-06033-CO03";"25311";"1.0 - 25311";"25311";"XY";"13 Nov 2017 at 06:10AM by pavla.coufalova@pcr.cz";0
220;"AA07-06033-CO11";"25311";"1.0 - 25311";"25311";"XY";"13 Nov 2017 at 06:10AM by pavla.coufalova@pcr.cz";0
221;"AA07-06033-CO20";"25311";"1.0 - 25311";"25311";"XY";"13 Nov 2017 at 06:10AM by pavla.coufalova@pcr.cz";0
222;"AA07-06033-CO21";"25311";"1.0 - 25311";"25311";"XY";"13 Nov 2017 at 06:10AM by pavla.coufalova@pcr.cz";0
223;"AA07-06033-CO24";"25311";"1.0 - 25311";"25311";"XY";"13 Nov 2017 at 06:10AM by pavla.coufalova@pcr.cz";0
224;"AA07-06033-CO34";"25311";"1.0 - 25311";"25311";"XY";"13 Nov 2017 at 06:10AM by pavla.coufalova@pcr.cz";0
225;"AA07-06033-CO35";"25311";"1.0 - 25311";"25311";"XY";"13 Nov 2017 at 06:10AM by pavla.coufalova@pcr.cz";0
226;"AA07-06033-CO44";"25311";"1.0 - 25311";"25311";"XY";"13 Nov 2017 at 06:10AM by pavla.coufalova@pcr.cz";0
227;"AA07-06033-CO47";"25311";"1.0 - 25311";"25311";"XY";"13 Nov 2017 at 06:10AM by pavla.coufalova@pcr.cz";0
228;"AA07-06033-CO51";"25311";"1.0 - 25311";"25311";"XY";"13 Nov 2017 at 06:10AM by pavla.coufalova@pcr.cz";0
229;"AA07-06033-CO68";"25311";"1.0 - 25311";"25311";"XY";"13 Nov 2017 at 06:10AM by pavla.coufalova@pcr.cz";0
230;"AA07-06033-CO73";"25311";"1.0 - 25311";"25311";"XY";"13 Nov 2017 at 06:10AM by pavla.coufalova@pcr.cz";0
231;"AA07-06033-CO74";"25311";"1.0 - 25311";"25311";"XY";"13 Nov 2017 at 06:10AM by pavla.coufalova@pcr.cz";0
232;"AA07-06033-CO82";"25311";"1.0 - 25311";"25311";"XY";"13 Nov 2017 at 06:10AM by pavla.coufalova@pcr.cz";0
233;"AA07-06033-CO83";"25311";"1.0 - 25311";"25311";"XY";"13 Nov 2017 at 06:10AM by pavla.coufalova@pcr.cz";0
234;"AA07-06033-CO88";"25311";"1.0 - 25311";"25311";"XY";"13 Nov 2017 at 06:10AM by pavla.coufalova@pcr.cz";0
235;"AA07-06033-CO91";"25311";"1.0 - 25311";"25311";"XY";"13 Nov 2017 at 06:10AM by pavla.coufalova@pcr.cz";0
236;"AA07-06033-CO95";"25311";"1.0 - 25311";"25311";"XY";"13 Nov 2017 at 06:10AM by pavla.coufalova@pcr.cz";0
237;"AA07-06034-CO20";"25311";"1.0 - 25311";"25311";"XY";"13 Nov 2017 at 06:10AM by pavla.coufalova@pcr.cz";0
238;"AA07-06034-CO23";"25311";"1.0 - 25311";"25311";"XY";"13 Nov 2017 at 06:10AM by pavla.coufalova@pcr.cz";0
239;"AA07-06034-CO24";"25311";"1.0 - 25311";"25311";"XY";"13 Nov 2017 at 06:10AM by pavla.coufalova@pcr.cz";0
240;"AA07-06034-CO25";"25311";"1.0 - 25311";"25311";"XY";"13 Nov 2017 at 06:10AM by pavla.coufalova@pcr.cz";0
241;"AA07-06034-CO54";"25311";"1.0 - 25311";"25311";"XY";"13 Nov 2017 at 06:10AM by pavla.coufalova@pcr.cz";0
242;"AA07-06034-CO58";"25311";"1.0 - 25311";"25311";"XY";"13 Nov 2017 at 06:10AM by pavla.coufalova@pcr.cz";0
243;"AA07-06034-CO60";"25311";"1.0 - 25311";"25311";"XY";"13 Nov 2017 at 06:10AM by pavla.coufalova@pcr.cz";0
244;"AA07-06034-CO82";"25311";"1.0 - 25311";"25311";"XY";"13 Nov 2017 at 06:10AM by pavla.coufalova@pcr.cz";0
245;"AA07-06034-CO86";"25311";"1.0 - 25311";"25311";"XY";"13 Nov 2017 at 06:10AM by pavla.coufalova@pcr.cz";0
246;"AA07-06035-CO13";"25311";"1.0 - 25311";"25311";"XY";"13 Nov 2017 at 06:09AM by pavla.coufalova@pcr.cz";0
247;"AA07-06038-CO45";"25311";"1.0 - 25311";"25311";"XY";"13 Nov 2017 at 06:09AM by pavla.coufalova@pcr.cz";0
248;"AA09-64414-OF01";"25311";"1.0 - 25311";"25311";"XY";"13 Nov 2017 at 06:09AM by pavla.coufalova@pcr.cz";0
249;"AA09-67107-OF01";"25311";"1.0 - 25311";"25311";"XY";"13 Nov 2017 at 06:09AM by pavla.coufalova@pcr.cz";0
250;"AA16-68848-OF01";"25311";"1.0 - 25311";"25311";"XY";"13 Nov 2017 at 06:09AM by pavla.coufalova@pcr.cz";0
251;"AA16-68897-OF01";"25311";"1.0 - 25311";"25311";"XY";"13 Nov 2017 at 06:09AM by pavla.coufalova@pcr.cz";0
252;"AA16-68911-OF01";"25311";"1.0 - 25311";"25311";"XX";"13 Nov 2017 at 06:09AM by pavla.coufalova@pcr.cz";0
253;"AA16-69368-OF01";"25311";"1.0 - 25311";"25311";"XY";"13 Nov 2017 at 06:09AM by pavla.coufalova@pcr.cz";0
254;"AA16-70061-OF01";"25311";"1.0 - 25311";"25311";"XY";"13 Nov 2017 at 06:09AM by pavla.coufalova@pcr.cz";0
255;"AA16-70182-OF01";"25311";"1.0 - 25311";"25311";"XY";"13 Nov 2017 at 06:09AM by pavla.coufalova@pcr.cz";0
256;"AA16-70201-OF01";"25311";"1.0 - 25311";"25311";"XY";"13 Nov 2017 at 06:09AM by pavla.coufalova@pcr.cz";0
257;"AC07-05161-CO03";"25311";"1.0 - 25311";"25311";"XY";"13 Nov 2017 at 06:10AM by pavla.coufalova@pcr.cz";0
258;"Sample2";"fenotyp_novy";"1.0 - fenotyp novy";"fenotyp novy";"XX";"22 Feb 2018 at 01:13AM by vlastimil.stenzl@pcr.cz";0
259;"11_Marie_F";"fenotyp_novy";"1.0 - fenotyp novy";"fenotyp novy";"XX";"22 Feb 2018 at 03:01AM by vlastimil.stenzl@pcr.cz";0
260;"Sample1";"fenotyp_novy";"1.0 - fenotyp novy";"fenotyp novy";"XX";"22 Feb 2018 at 01:13AM by vlastimil.stenzl@pcr.cz";0
261;"13_Radka_F";"fenotyp_novy";"1.0 - fenotyp novy";"fenotyp novy";"XX";"22 Feb 2018 at 03:01AM by vlastimil.stenzl@pcr.cz";0
262;"AA11-KIGEN-SF21";"fenotyp_novy";"1.0 - fenotyp novy";"fenotyp novy";"XX";"22 Feb 2018 at 01:13AM by vlastimil.stenzl@pcr.cz";0
263;"AA11-KIGEN-SF16";"fenotyp_novy";"1.0 - fenotyp novy";"fenotyp novy";"XY";"22 Feb 2018 at 01:13AM by vlastimil.stenzl@pcr.cz";0
264;"16_Lukas_Eder";"fenotyp_novy";"1.0 - fenotyp novy";"fenotyp novy";"XY";"22 Feb 2018 at 03:01AM by vlastimil.stenzl@pcr.cz";0
265;"17_Zoltan";"fenotyp_novy";"1.0 - fenotyp novy";"fenotyp novy";"XY";"22 Feb 2018 at 03:01AM by vlastimil.stenzl@pcr.cz";0
266;"AA17-KIGEN-SF01";"fenotyp_novy";"1.0 - fenotyp novy";"fenotyp novy";"XX";"22 Feb 2018 at 01:13AM by vlastimil.stenzl@pcr.cz";0
267;"AA11-KIGEN-SF17";"fenotyp_novy";"1.0 - fenotyp novy";"fenotyp novy";"XX";"29 May 2017 at 12:53AM by barbora.emmerova@pcr.cz";0
268;"20_Matyas_P";"fenotyp_novy";"1.0 - fenotyp novy";"fenotyp novy";"XY";"22 Feb 2018 at 03:01AM by vlastimil.stenzl@pcr.cz";0
269;"AA15-KIGEN-SF01";"fenotyp_novy";"1.0 - fenotyp novy";"fenotyp novy";"XX";"22 Feb 2018 at 01:13AM by vlastimil.stenzl@pcr.cz";0
270;"22_Jana_Novakova";"fenotyp_novy";"1.0 - fenotyp novy";"fenotyp novy";"XX";"22 Feb 2018 at 03:01AM by vlastimil.stenzl@pcr.cz";0
271;"23_Kuba_Langer";"fenotyp_novy";"1.0 - fenotyp novy";"fenotyp novy";"XY";"22 Feb 2018 at 03:01AM by vlastimil.stenzl@pcr.cz";0
272;"AA16-KIGEN-SF02";"fenotyp_novy";"1.0 - fenotyp novy";"fenotyp novy";"XX";"22 Feb 2018 at 01:13AM by vlastimil.stenzl@pcr.cz";0
273;"25_Jura";"fenotyp_novy";"1.0 - fenotyp novy";"fenotyp novy";"XY";"22 Feb 2018 at 03:01AM by vlastimil.stenzl@pcr.cz";0
274;"26_Lenka_Bubnuva";"fenotyp_novy";"1.0 - fenotyp novy";"fenotyp novy";"XX";"22 Feb 2018 at 01:13AM by vlastimil.stenzl@pcr.cz";0
275;"28_Aneta_Macikova";"fenotyp_novy";"1.0 - fenotyp novy";"fenotyp novy";"XX";"22 Feb 2018 at 03:01AM by vlastimil.stenzl@pcr.cz";0
276;"AA11-KIDAO-EK04";"fenotyp_novy";"1.0 - fenotyp novy";"fenotyp novy";"XX";"22 Feb 2018 at 01:13AM by vlastimil.stenzl@pcr.cz";0
277;"AA13-KIGEN-SF01";"fenotyp_novy";"1.0 - fenotyp novy";"fenotyp novy";"XX";"22 Feb 2018 at 01:13AM by vlastimil.stenzl@pcr.cz";0
278;"AA11-KIDAS-EK02";"fenotyp_novy";"1.0 - fenotyp novy";"fenotyp novy";"XY";"22 Feb 2018 at 01:13AM by vlastimil.stenzl@pcr.cz";0
279;"AA13-KIDAS-EK01";"fenotyp_novy";"1.0 - fenotyp novy";"fenotyp novy";"XY";"22 Feb 2018 at 01:13AM by vlastimil.stenzl@pcr.cz";0
280;"AA12-KIDAS-EK01";"fenotyp_novy";"1.0 - fenotyp novy";"fenotyp novy";"XY";"22 Feb 2018 at 01:13AM by vlastimil.stenzl@pcr.cz";0
281;"4_Filip_Langer";"fenotyp_novy";"1.0 - fenotyp novy";"fenotyp novy";"XY";"22 Feb 2018 at 03:01AM by vlastimil.stenzl@pcr.cz";0
282;"AA11-KIGEN-SF06";"fenotyp_novy";"1.0 - fenotyp novy";"fenotyp novy";"XX";"22 Feb 2018 at 01:13AM by vlastimil.stenzl@pcr.cz";0
283;"AA11-KIGEN-SF22";"fenotyp_novy";"1.0 - fenotyp novy";"fenotyp novy";"XY";"22 Feb 2018 at 01:13AM by vlastimil.stenzl@pcr.cz";0
284;"9_Tonda";"fenotyp_novy";"1.0 - fenotyp novy";"fenotyp novy";"XY";"22 Feb 2018 at 01:13AM by vlastimil.stenzl@pcr.cz";0
285;"AA17-PZGEN-SF01";"fenotyp";"1.0 - FENOTYP-SRPEN";"FENOTYP-SRPEN";"XX";"12 Jan 2018 at 12:50AM by vlastimil.stenzl@pcr.cz";0
286;"Sample3";"fenotyp";"1.0 - FENOTYP-SRPEN";"FENOTYP-SRPEN";"XY";"22 Feb 2018 at 01:35AM by vlastimil.stenzl@pcr.cz";0
287;"AA11-KIBIO-SF12";"fenotyp";"1.0 - FENOTYP-SRPEN";"FENOTYP-SRPEN";"XX";"12 Jan 2018 at 12:50AM by vlastimil.stenzl@pcr.cz";0
288;"AA17-51164-OF02";"fenotyp";"1.0 - FENOTYP-SRPEN";"FENOTYP-SRPEN";"XY";"21 Feb 2018 at 11:54PM by vlastimil.stenzl@pcr.cz";0
289;"AA17-51757-OF01";"fenotyp";"1.0 - FENOTYP-SRPEN";"FENOTYP-SRPEN";"XY";"21 Feb 2018 at 11:54PM by vlastimil.stenzl@pcr.cz";0
290;"AA17-53677-OF01";"fenotyp";"1.0 - FENOTYP-SRPEN";"FENOTYP-SRPEN";"XY";"21 Feb 2018 at 11:54PM by vlastimil.stenzl@pcr.cz";0
291;"AA17-56373-OF01";"fenotyp";"1.0 - FENOTYP-SRPEN";"FENOTYP-SRPEN";"XY";"21 Feb 2018 at 11:54PM by vlastimil.stenzl@pcr.cz";0
292;"AA17-58069-OF01";"fenotyp";"1.0 - FENOTYP-SRPEN";"FENOTYP-SRPEN";"XY";"21 Feb 2018 at 11:54PM by vlastimil.stenzl@pcr.cz";0
293;"AA17-58082-OF01";"fenotyp";"1.0 - FENOTYP-SRPEN";"FENOTYP-SRPEN";"XX";"21 Feb 2018 at 11:54PM by vlastimil.stenzl@pcr.cz";0
294;"AB17-02428-DD01";"fenotyp";"1.0 - FENOTYP-SRPEN";"FENOTYP-SRPEN";"XY";"21 Feb 2018 at 11:54PM by vlastimil.stenzl@pcr.cz";0
295;"AB17-02428-ZZ14";"fenotyp";"1.0 - FENOTYP-SRPEN";"FENOTYP-SRPEN";"XY";"21 Feb 2018 at 11:54PM by vlastimil.stenzl@pcr.cz";0
296;"AV17-01398-VK01";"fenotyp";"1.0 - FENOTYP-SRPEN";"FENOTYP-SRPEN";"XY";"21 Feb 2018 at 11:54PM by vlastimil.stenzl@pcr.cz";0
297;"AA-HONZA-B";"16-07-21";"1.0 - 16-07-21";"16-07-21";"XY";"22 Feb 2018 at 03:07AM by vlastimil.stenzl@pcr.cz";0
298;"AA11-KIGEN-SF08";"16-07-21";"1.0 - 16-07-21";"16-07-21";"XX";"27 Feb 2018 at 04:48AM by vlastimil.stenzl@pcr.cz";0
299;"AA17-PZLAB-SF01";"16-07-21";"1.0 - 16-07-21";"16-07-21";"XY";"22 Feb 2018 at 12:40AM by vlastimil.stenzl@pcr.cz";0
300;"AA11-KIGEN-SF09";"16-07-21";"1.0 - 16-07-21";"16-07-21";"XX";"22 Feb 2018 at 12:40AM by vlastimil.stenzl@pcr.cz";0
301;"AA-KACKA";"16-07-21";"1.0 - 16-07-21";"16-07-21";"XX";"22 Feb 2018 at 12:40AM by vlastimil.stenzl@pcr.cz";0
302;"AA-LBC";"16-07-21";"1.0 - 16-07-21";"16-07-21";"XY";"22 Feb 2018 at 03:07AM by vlastimil.stenzl@pcr.cz";0
303;"AA11-KIGEN-SF28";"16-07-21";"1.0 - 16-07-21";"16-07-21";"XX";"22 Feb 2018 at 12:40AM by vlastimil.stenzl@pcr.cz";0
304;"AA-PETR-B";"16-07-21";"1.0 - 16-07-21";"16-07-21";"XY";"22 Feb 2018 at 03:07AM by vlastimil.stenzl@pcr.cz";0
305;"AA11-KIGEN-SF07";"16-07-21";"1.0 - 16-07-21";"16-07-21";"XY";"22 Feb 2018 at 12:40AM by vlastimil.stenzl@pcr.cz";0
306;"AA11-KIGEN-SF14";"16-07-21";"1.0 - 16-07-21";"16-07-21";"XX";"22 Feb 2018 at 12:40AM by vlastimil.stenzl@pcr.cz";0
307;"AA-ZDENEK";"16-07-21";"1.0 - 16-07-21";"16-07-21";"XY";"22 Feb 2018 at 12:40AM by vlastimil.stenzl@pcr.cz";0
308;"AM14-00067-DD01";"16-07-21";"1.0 - 16-07-21";"16-07-21";"XY";"22 Feb 2018 at 12:40AM by vlastimil.stenzl@pcr.cz";0
309;"AT15-10556-DD01";"16-07-21";"1.0 - 16-07-21";"16-07-21";"XY";"22 Feb 2018 at 12:40AM by vlastimil.stenzl@pcr.cz";0
310;"AB14-17173-DD01";"16-07-21";"1.0 - 16-07-21";"16-07-21";"XY";"22 Feb 2018 at 12:40AM by vlastimil.stenzl@pcr.cz";0
311;"AE15-04476-DD01";"16-07-21";"1.0 - 16-07-21";"16-07-21";"XY";"22 Feb 2018 at 12:40AM by vlastimil.stenzl@pcr.cz";0
312;"AH07-06747-UP01";"16-07-21";"1.0 - 16-07-21";"16-07-21";"XY";"22 Feb 2018 at 12:40AM by vlastimil.stenzl@pcr.cz";0
313;"AH08-04653-UP01";"16-07-21";"1.0 - 16-07-21";"16-07-21";"XY";"22 Feb 2018 at 12:40AM by vlastimil.stenzl@pcr.cz";0
314;"AJ07-03385-UP01";"16-07-21";"1.0 - 16-07-21";"16-07-21";"XY";"22 Feb 2018 at 12:40AM by vlastimil.stenzl@pcr.cz";0
315;"AK08-01601-UP01";"16-07-21";"1.0 - 16-07-21";"16-07-21";"XY";"22 Feb 2018 at 12:40AM by vlastimil.stenzl@pcr.cz";0
316;"AK14-15578-DD01";"16-07-21";"1.0 - 16-07-21";"16-07-21";"XY";"22 Feb 2018 at 12:40AM by vlastimil.stenzl@pcr.cz";0
317;"AK15-05150-DD01";"16-07-21";"1.0 - 16-07-21";"16-07-21";"XY";"22 Feb 2018 at 12:40AM by vlastimil.stenzl@pcr.cz";0
318;"AK15-05151-DD01";"16-07-21";"1.0 - 16-07-21";"16-07-21";"XY";"22 Feb 2018 at 12:40AM by vlastimil.stenzl@pcr.cz";0
319;"AP15-02735-DD01";"16-07-21";"1.0 - 16-07-21";"16-07-21";"XY";"22 Feb 2018 at 12:40AM by vlastimil.stenzl@pcr.cz";0
320;"AP16-03849-DD01";"16-07-21";"1.0 - 16-07-21";"16-07-21";"XY";"22 Feb 2018 at 12:40AM by vlastimil.stenzl@pcr.cz";0
321;"AR05-00880-UP01";"16-07-21";"1.0 - 16-07-21";"16-07-21";"XY";"22 Feb 2018 at 12:40AM by vlastimil.stenzl@pcr.cz";0
322;"AV05-02801-UP01";"16-07-21";"1.0 - 16-07-21";"16-07-21";"XY";"22 Feb 2018 at 12:40AM by vlastimil.stenzl@pcr.cz";0
323;"AV06-03018-UP01";"16-07-21";"1.0 - 16-07-21";"16-07-21";"XX";"22 Feb 2018 at 12:40AM by vlastimil.stenzl@pcr.cz";0
324;"AK15-08623-BS02";"Training_2";"1.0 - Training_2";"Training_2";"XY";"14 Sep 2016 at 01:07AM by admin@forenseq.uas";0
325;"AS13-06856-DD03";"Training_2";"1.0 - Training_2";"Training_2";"XX";"19 Jul 2016 at 06:55AM by jiri.patera2@pcr.cz";0
326;"Pavel";"Training_2";"1.0 - Training_2";"Training_2";"XY";"22 Feb 2018 at 02:05AM by vlastimil.stenzl@pcr.cz";0
327;"AA07-06009-CO75";"Training_3";"1.0 - Training_3";"Training_3";"XY";"19 Feb 2018 at 12:49AM by pavla.coufalova@pcr.cz";0
328;"AA15-53872-OF01";"varianty";"1.0 - vybrane_BS_161206";"vybrane_BS_161206";"XY";"16 Feb 2017 at 04:14AM by tomas.capal@pcr.cz";0
329;"AA15-57052-OF01";"Training_3";"1.0 - Training_3";"Training_3";"XY";"19 Feb 2018 at 12:49AM by pavla.coufalova@pcr.cz";0
330;"AA15-65404-OF01";"Training_3";"1.0 - Training_3";"Training_3";"XY";"19 Feb 2018 at 12:49AM by pavla.coufalova@pcr.cz";0
331;"AA16-50396-OF01";"Training_3";"1.0 - Training_3";"Training_3";"XY";"19 Feb 2018 at 12:49AM by pavla.coufalova@pcr.cz";0
332;"AC07-05124-CO93";"Training_3";"1.0 - Training_3";"Training_3";"XX";"19 Feb 2018 at 12:49AM by pavla.coufalova@pcr.cz";0
333;"AC07-05135-CO68";"Training_3";"1.0 - Training_3";"Training_3";"XY";"19 Feb 2018 at 12:49AM by pavla.coufalova@pcr.cz";0
334;"AA07-06021-CO92";"Training_4";"2.0 - Training_4";"Training_4";"XY";"22 Feb 2018 at 01:01AM by vlastimil.stenzl@pcr.cz";0
335;"AA07-07852-OF01";"Training_4";"2.0 - Training_4";"Training_4";"XY";"22 Feb 2018 at 01:01AM by vlastimil.stenzl@pcr.cz";0
336;"AA07-07853-OF01";"Training_4";"2.0 - Training_4";"Training_4";"XY";"22 Feb 2018 at 01:01AM by vlastimil.stenzl@pcr.cz";0
337;"1";"Training_4";"1.0 - Training_4";"Training_4";"XY";"08 Apr 2016 at 06:00AM by vlastimil.stenzl@pcr.cz";0
338;"AA09-70624-OF01";"Training_4";"2.0 - Training_4";"Training_4";"XY";"22 Feb 2018 at 01:01AM by vlastimil.stenzl@pcr.cz";0
339;"AA11-57947-OF01";"Training_4";"2.0 - Training_4";"Training_4";"XY";"22 Feb 2018 at 01:01AM by vlastimil.stenzl@pcr.cz";0
340;"AV05-02628-EK25";"Training_4";"2.0 - Training_4";"Training_4";"XY";"22 Feb 2018 at 01:01AM by vlastimil.stenzl@pcr.cz";0
341;"AA16-50272-OF02";"varianty";"1.0 - vybrane_BS_161206";"vybrane_BS_161206";"XY";"16 Feb 2017 at 04:14AM by tomas.capal@pcr.cz";0
342;"AA16-50789-OF02";"varianty";"1.0 - vybrane_BS_161206";"vybrane_BS_161206";"XY";"16 Feb 2017 at 04:14AM by tomas.capal@pcr.cz";0
343;"AA16-61216-OF02";"varianty";"1.0 - vybrane_BS_161206";"vybrane_BS_161206";"XY";"16 Feb 2017 at 04:14AM by tomas.capal@pcr.cz";0
344;"AA16-61226-OF02";"varianty";"1.0 - vybrane_BS_161206";"vybrane_BS_161206";"XY";"16 Feb 2017 at 04:14AM by tomas.capal@pcr.cz";0
345;"AA16-61241-OF02";"varianty";"1.0 - vybrane_BS_161206";"vybrane_BS_161206";"XY";"16 Feb 2017 at 04:14AM by tomas.capal@pcr.cz";0
346;"AA16-61246-OF02";"varianty";"1.0 - vybrane_BS_161206";"vybrane_BS_161206";"XY";"16 Feb 2017 at 04:14AM by tomas.capal@pcr.cz";0
347;"AA16-61294-OF02";"varianty";"1.0 - vybrane_BS_161206";"vybrane_BS_161206";"XY";"16 Feb 2017 at 04:14AM by tomas.capal@pcr.cz";0
348;"AA16-62537-OF02";"varianty";"1.0 - vybrane_BS_161206";"vybrane_BS_161206";"XY";"16 Feb 2017 at 04:14AM by tomas.capal@pcr.cz";0
349;"AA16-62740-OF01";"varianty";"1.0 - vybrane_BS_161206";"vybrane_BS_161206";"XY";"16 Feb 2017 at 04:14AM by tomas.capal@pcr.cz";0
350;"AA16-62752-OF01";"varianty";"1.0 - vybrane_BS_161206";"vybrane_BS_161206";"XY";"16 Feb 2017 at 04:14AM by tomas.capal@pcr.cz";0
351;"AA16-63226-OF01";"varianty";"1.0 - vybrane_BS_161206";"vybrane_BS_161206";"XY";"16 Feb 2017 at 04:14AM by tomas.capal@pcr.cz";0
352;"AA16-65585-OF01";"varianty";"1.0 - vybrane_BS_161206";"vybrane_BS_161206";"XY";"16 Feb 2017 at 04:14AM by tomas.capal@pcr.cz";0
353;"AA16-66157-OF02";"varianty";"1.0 - vybrane_BS_161206";"vybrane_BS_161206";"XY";"16 Feb 2017 at 04:14AM by tomas.capal@pcr.cz";0
354;"AA16-66553-OF01";"varianty";"1.0 - vybrane_BS_161206";"vybrane_BS_161206";"XY";"16 Feb 2017 at 04:14AM by tomas.capal@pcr.cz";0
355;"AC07-05134-CO04";"varianty";"1.0 - vybrane_BS_161206";"vybrane_BS_161206";"XY";"16 Feb 2017 at 04:14AM by tomas.capal@pcr.cz";0
356;"MIRO-1";"varianty";"1.0 - vybrane_BS_161206";"vybrane_BS_161206";"XY";"22 Feb 2018 at 03:28AM by vlastimil.stenzl@pcr.cz";0
