Locus,Allele,Bracketed Repeat Region,Flanking Region Variants from GRCh38,Counts,Frequencies,5'-Flanking Region,3'-Flanking Region
,,,,,,,
CSF1PO,0.0,,,4,0.0095,,
CSF1PO,10.0,[AGAT]10,,119,0.2833,AAGATAGATAGATT,AGGAAG
CSF1PO,11.0,[AGAT]11,,106,0.2524,AAGATAGATAGATT,AGGAAG
CSF1PO,12.0,[AGAT]12,,134,0.319,AAGATAGATAGATT,AGGAAG
CSF1PO,13.0,[AGAT]13,,37,0.0881,AAGATAGATAGATT,AGGAAG
CSF1PO,14.0,[AGAT]14,,2,0.0048,AAGATAGATAGATT,AGGAAG
CSF1PO,15.0,[AGAT]15,,1,0.0024,AAGATAGATAGATT,AGGAAG
CSF1PO,7.0,[AGAT]7,,1,0.0024,AAGATAGATAGATT,AGGAAG
CSF1PO,8.0,[AGAT]8,,1,0.0024,AAGATAGATAGATT,AGGAAG
CSF1PO,9.0,[AGAT]9,,15,0.0357,AAGATAGATAGATT,AGGAAG
,,,,420,0.9999999999999999,,
,,,,,,,
D10S1248,0.0,,,6,0.0143,,
D10S1248,11.0,[GGAA]11,,2,0.0048,TTGAACAAATGAGTGAGT,ATGAAGACAATACAACCAGAGTT
D10S1248,12.0,[GGAA]12,,14,0.0333,TTGAACAAATGAGTGAGT,ATGAAGACAATACAACCAGAGTT
D10S1248,13.0,[GGAA]13,,1,0.0024,TTGAACAAATGAGTGAGC,ATGAAGACAATACAACCAGAGTT
D10S1248,13.0,[GGAA]13,,84,0.2,TTGAACAAATGAGTGAGT,ATGAAGACAATACAACCAGAGTT
D10S1248,14.0,[GGAA]14,,123,0.2929,TTGAACAAATGAGTGAGT,ATGAAGACAATACAACCAGAGTT
D10S1248,15.0,[GGAA]15,,120,0.2857,TTGAACAAATGAGTGAGT,ATGAAGACAATACAACCAGAGTT
D10S1248,16.0,[GGAA]16,,50,0.119,TTGAACAAATGAGTGAGT,ATGAAGACAATACAACCAGAGTT
D10S1248,16.3,GGAA GAA [GGAA]15,,1,0.0024,TTGAACAAATGAGTGAGT,ATGAAGACAATACAACCAGAGTT
D10S1248,17.0,[GGAA]17,,18,0.0429,TTGAACAAATGAGTGAGT,ATGAAGACAATACAACCAGAGTT
D10S1248,18.0,[GGAA]18,,,,,
D10S1248,8.0,[GGAA]8,,1,0.0024,TTGAACAAATGAGTGAGT,ATGAAGACAATACAACCAGAGTT
,,,,420,1.0001000000000002,,
,,,,,,,
D12S391,0.0,,,2,0.0048,,
D12S391,15.0,[AGAT]8 [AGAC]6 AGAT,,9,0.0214,CAGAGAGAAAGAATCAACAGGATCAATGGATGCATAGGT,GAGAGGGGATTTATTAGAGGAATTAGCTCAAGTGATATGGAGGCTGAAAAATCTCATGACAGTCCATCTGCAAGCTGGAGACCCAGGGACACTA
D12S391,16.0,[AGAT]9 [AGAC]6 AGAT,,10,0.0238,CAGAGAGAAAGAATCAACAGGATCAATGGATGCATAGGT,GAGAGGGGATTTATTAGAGGAATTAGCTCAAGTGATATGGAGGCTGAAAAATCTCATGACAGTCCATCTGCAAGCTGGAGACCCAGGGACACTA
D12S391,17.0,[AGAT]9 [AGAC]7 AGAT,,,,,
D12S391,17.0,[AGAT]10 [AGAC]6 AGAT,,44,0.1048,CAGAGAGAAAGAATCAACAGGATCAATGGATGCATAGGT,GAGAGGGGATTTATTAGAGGAATTAGCTCAAGTGATATGGAGGCTGAAAAATCTCATGACAGTCCATCTGCAAGCTGGAGACCCAGGGACACTA
D12S391,17.0,[AGAT]11 [AGAC]5 AGAT,,6,0.0143,CAGAGAGAAAGAATCAACAGGATCAATGGATGCATAGGT,GAGAGGGGATTTATTAGAGGAATTAGCTCAAGTGATATGGAGGCTGAAAAATCTCATGACAGTCCATCTGCAAGCTGGAGACCCAGGGACACTA
D12S391,17.3,AGAT GAT [AGAT]8 [AGAC]7 AGAT,,10,0.0238,CAGAGAGAAAGAATCAACAGGATCAATGGATGCATAGGT,GAGAGGGGATTTATTAGAGGAATTAGCTCAAGTGATATGGAGGCTGAAAAATCTCATGACAGTCCATCTGCAAGCTGGAGACCCAGGGACACTA
D12S391,18.0,[AGAT]10 [AGAC]7 AGAT,,4,0.0095,CAGAGAGAAAGAATCAACAGGATCAATGGATGCATAGGT,GAGAGGGGATTTATTAGAGGAATTAGCTCAAGTGATATGGAGGCTGAAAAATCTCATGACAGTCCATCTGCAAGCTGGAGACCCAGGGACACTA
D12S391,18.0,[AGAT]11 [AGAC]6 AGAT,,102,0.2429,CAGAGAGAAAGAATCAACAGGATCAATGGATGCATAGGT,GAGAGGGGATTTATTAGAGGAATTAGCTCAAGTGATATGGAGGCTGAAAAATCTCATGACAGTCCATCTGCAAGCTGGAGACCCAGGGACACTA
D12S391,18.0,[AGAT]12 [AGAC]5 AGAT,,2,0.0048,CAGAGAGAAAGAATCAACAGGATCAATGGATGCATAGGT,GAGAGGGGATTTATTAGAGGAATTAGCTCAAGTGATATGGAGGCTGAAAAATCTCATGACAGTCCATCTGCAAGCTGGAGACCCAGGGACACTA
D12S391,18.3,AGAT GAT [AGAT]9 [AGAC]7 AGAT,,7,0.0167,CAGAGAGAAAGAATCAACAGGATCAATGGATGCATAGGT,GAGAGGGGATTTATTAGAGGAATTAGCTCAAGTGATATGGAGGCTGAAAAATCTCATGACAGTCCATCTGCAAGCTGGAGACCCAGGGACACTA
D12S391,19.0,[AGAT]11 [AGAC]8,,,,,
D12S391,19.0,[AGAT]11 [AGAC]7 AGAT,,11,0.0262,CAGAGAGAAAGAATCAACAGGATCAATGGATGCATAGGT,GAGAGGGGATTTATTAGAGGAATTAGCTCAAGTGATATGGAGGCTGAAAAATCTCATGACAGTCCATCTGCAAGCTGGAGACCCAGGGACACTA
D12S391,19.0,[AGAT]12 [AGAC]7,,1,0.0024,CAGAGAGAAAGAATCAACAGGATCAATGGATGCATAGGT,GAGAGGGGATTTATTAGAGGAATTAGCTCAAGTGATATGGAGGCTGAAAAATCTCATGACAGTCCATCTGCAAGCTGGAGACCCAGGGACACTA
D12S391,19.0,[AGAT]12 [AGAC]6 AGAT,,42,0.1,CAGAGAGAAAGAATCAACAGGATCAATGGATGCATAGGT,GAGAGGGGATTTATTAGAGGAATTAGCTCAAGTGATATGGAGGCTGAAAAATCTCATGACAGTCCATCTGCAAGCTGGAGACCCAGGGACACTA
D12S391,19.0,[AGAT]12 [AGAC]6 AGAT,,1,0.0024,CAGAGAGAAAGAATCAACAGGATCAATGGATGCATAGGT,GAGAGGGGATTTATTAGAGGAATTAGCTCAAGTGATATGGAGGCTGAAAAATCTCATGACAGTCCATCTGCAAGCTGGAGACCGAGGGACACTA
D12S391,19.0,[AGAT]13 [AGAC]5 AGAT,,2,0.0048,CAGAGAGAAAGAATCAACAGGATCAATGGATGCATAGGT,GAGAGGGGATTTATTAGAGGAATTAGCTCAAGTGATATGGAGGCTGAAAAATCTCATGACAGTCCATCTGCAAGCTGGAGACCCAGGGACACTA
D12S391,19.1,AGAT T [AGAT]11 [AGAC]6 AGAT,,1,0.0024,CAGAGAGAAAGAATCAACAGGATCAATGGATGCATAGGT,GAGAGGGGATTTATTAGAGGAATTAGCTCAAGTGATATGGAGGCTGAAAAATCTCATGACAGTCCATCTGCAAGCTGGAGACCCAGGGACACTA
D12S391,19.3,[AGAT]5 GAT [AGAT]7 [AGAC]6 AGAT,,1,0.0024,CAGAGAGAAAGAATCAACAGGATCAATGGATGCATAGGT,GAGAGGGGATTTATTAGAGGAATTAGCTCAAGTGATATGGAGGCTGAAAAATCTCATGACAGTCCATCTGCAAGCTGGAGACCCAGGGACACTA
D12S391,19.3,AGAT GAT [AGAT]10 [AGAC]7 AGAT,,,,,
D12S391,20.0,[AGAT]10 [AGAC]10,,,,,
D12S391,20.0,[AGAT]11 [AGAC]9,,11,0.0262,CAGAGAGAAAGAATCAACAGGATCAATGGATGCATAGGT,GAGAGGGGATTTATTAGAGGAATTAGCTCAAGTGATATGGAGGCTGAAAAATCTCATGACAGTCCATCTGCAAGCTGGAGACCCAGGGACACTA
D12S391,20.0,[AGAT]11 [AGAC]8 AGAT,,1,0.0024,CAGAGAGAAAGAATCAACAGGATCAATGGATGCATAGGT,GAGAGGGGATTTATTAGAGGAATTAGCTCAAGTGATATGGAGGCTGAAAAATCTCATGACAGTCCATCTGCAAGCTGGAGACCCAGGGACACTA
D12S391,20.0,[AGAT]12 [AGAC]8,,2,0.0048,CAGAGAGAAAGAATCAACAGGATCAATGGATGCATAGGT,GAGAGGGGATTTATTAGAGGAATTAGCTCAAGTGATATGGAGGCTGAAAAATCTCATGACAGTCCATCTGCAAGCTGGAGACCCAGGGACACTA
D12S391,20.0,[AGAT]12 [AGAC]7 AGAT,,14,0.0333,CAGAGAGAAAGAATCAACAGGATCAATGGATGCATAGGT,GAGAGGGGATTTATTAGAGGAATTAGCTCAAGTGATATGGAGGCTGAAAAATCTCATGACAGTCCATCTGCAAGCTGGAGACCCAGGGACACTA
D12S391,20.0,[AGAT]13 [AGAC]7,,2,0.0048,CAGAGAGAAAGAATCAACAGGATCAATGGATGCATAGGT,GAGAGGGGATTTATTAGAGGAATTAGCTCAAGTGATATGGAGGCTGAAAAATCTCATGACAGTCCATCTGCAAGCTGGAGACCCAGGGACACTA
D12S391,20.0,[AGAT]13 [AGAC]6 AGAT,,18,0.0429,CAGAGAGAAAGAATCAACAGGATCAATGGATGCATAGGT,GAGAGGGGATTTATTAGAGGAATTAGCTCAAGTGATATGGAGGCTGAAAAATCTCATGACAGTCCATCTGCAAGCTGGAGACCCAGGGACACTA
D12S391,20.0,[AGAT]13 [AGAC]6 AGGT A,,,,,
D12S391,20.0,[AGAT]14 [AGAC]5 AGAT,,,,,
D12S391,20.0,AGGT [AGAT]10 [AGAC]9,,1,0.0024,CAGAGAGAAAGAATCAACAGGATCAATGGATGCATAGGT,GAGAGGGGATTTATTAGAGGAATTAGCTCAAGTGATATGGAGGCTGAAAAATCTCATGACAGTCCATCTGCAAGCTGGAGACCCAGGGACACTA
D12S391,21.0,[AGAT]11 [AGAC]10,,3,0.0071,CAGAGAGAAAGAATCAACAGGATCAATGGATGCATAGGT,GAGAGGGGATTTATTAGAGGAATTAGCTCAAGTGATATGGAGGCTGAAAAATCTCATGACAGTCCATCTGCAAGCTGGAGACCCAGGGACACTA
D12S391,21.0,[AGAT]11 [AGAC]9 AGAT,,1,0.0024,CAGAGAGAAAGAATCAACAGGATCAATGGATGCATAGGT,GAGAGGGGATTTATTAGAGGAATTAGCTCAAGTGATATGGAGGCTGAAAAATCTCATGACAGTCCATCTGCAAGCTGGAGACCCAGGGACACTA
D12S391,21.0,[AGAT]12 [AGAC]9,,32,0.0762,CAGAGAGAAAGAATCAACAGGATCAATGGATGCATAGGT,GAGAGGGGATTTATTAGAGGAATTAGCTCAAGTGATATGGAGGCTGAAAAATCTCATGACAGTCCATCTGCAAGCTGGAGACCCAGGGACACTA
D12S391,21.0,[AGAT]12 [AGAC]8 AGAT,,,,,
D12S391,21.0,[AGAT]13 [AGAC]8,,3,0.0071,CAGAGAGAAAGAATCAACAGGATCAATGGATGCATAGGT,GAGAGGGGATTTATTAGAGGAATTAGCTCAAGTGATATGGAGGCTGAAAAATCTCATGACAGTCCATCTGCAAGCTGGAGACCCAGGGACACTA
D12S391,21.0,[AGAT]13 [AGAC]7 AGAT,,6,0.0143,CAGAGAGAAAGAATCAACAGGATCAATGGATGCATAGGT,GAGAGGGGATTTATTAGAGGAATTAGCTCAAGTGATATGGAGGCTGAAAAATCTCATGACAGTCCATCTGCAAGCTGGAGACCCAGGGACACTA
D12S391,21.0,[AGAT]14 [AGAC]7,,1,0.0024,CAGAGAGAAAGAATCAACAGGATCAATGGATGCATAGGT,GAGAGGGGATTTATTAGAGGAATTAGCTCAAGTGATATGGAGGCTGAAAAATCTCATGACAGTCCATCTGCAAGCTGGAGACCCAGGGACACTA
D12S391,21.0,[AGAT]14 [AGAC]6 AGAT,,3,0.0071,CAGAGAGAAAGAATCAACAGGATCAATGGATGCATAGGT,GAGAGGGGATTTATTAGAGGAATTAGCTCAAGTGATATGGAGGCTGAAAAATCTCATGACAGTCCATCTGCAAGCTGGAGACCCAGGGACACTA
D12S391,21.3,[AGAT]3 GAT [AGAT]10 [AGAC]8,,,,,
D12S391,22.0,[AGAT]11 [AGAC]11,,2,0.0048,CAGAGAGAAAGAATCAACAGGATCAATGGATGCATAGGT,GAGAGGGGATTTATTAGAGGAATTAGCTCAAGTGATATGGAGGCTGAAAAATCTCATGACAGTCCATCTGCAAGCTGGAGACCCAGGGACACTA
D12S391,22.0,[AGAT]12 [AGAC]10,,4,0.0095,CAGAGAGAAAGAATCAACAGGATCAATGGATGCATAGGT,GAGAGGGGATTTATTAGAGGAATTAGCTCAAGTGATATGGAGGCTGAAAAATCTCATGACAGTCCATCTGCAAGCTGGAGACCCAGGGACACTA
D12S391,22.0,[AGAT]13 [AGAC]9,,22,0.0524,CAGAGAGAAAGAATCAACAGGATCAATGGATGCATAGGT,GAGAGGGGATTTATTAGAGGAATTAGCTCAAGTGATATGGAGGCTGAAAAATCTCATGACAGTCCATCTGCAAGCTGGAGACCCAGGGACACTA
D12S391,22.0,[AGAT]13 [AGAC]8 AGAT,,4,0.0095,CAGAGAGAAAGAATCAACAGGATCAATGGATGCATAGGT,GAGAGGGGATTTATTAGAGGAATTAGCTCAAGTGATATGGAGGCTGAAAAATCTCATGACAGTCCATCTGCAAGCTGGAGACCCAGGGACACTA
D12S391,22.0,[AGAT]14 [AGAC]8,,1,0.0024,CAGAGAGAAAGAATCAACAGGATCAATGGATGCATAGGT,GAGAGGGGATTTATTAGAGGAATTAGCTCAAGTGATATGGAGGCTGAAAAATCTCATGACAGTCCATCTGCAAGCTGGAGACCCAGGGACACTA
D12S391,22.0,[AGAT]14 [AGAC]7 AGAT,,1,0.0024,CAGAGAGAAAGAATCAACAGGATCAATGGATGCATAGGT,GAGAGGGGATTTATTAGAGGAATTAGCTCAAGTGATATGGAGGCTGAAAAATCTCATGACAGTCCATCTGCAAGCTGGAGACCCAGGGACACTA
D12S391,22.0,[AGAT]15 [AGAC]7,,1,0.0024,CAGAGAGAAAGAATCAACAGGATCAATGGATGCATAGGT,GAGAGGGGATTTATTAGAGGAATTAGCTCAAGTGATATGGAGGCTGAAAAATCTCATGACAGTCCATCTGCAAGCTGGAGACCCAGGGACACTA
D12S391,23.0,[AGAT]13 [AGAC]10,,2,0.0048,CAGAGAGAAAGAATCAACAGGATCAATGGATGCATAGGT,GAGAGGGGATTTATTAGAGGAATTAGCTCAAGTGATATGGAGGCTGAAAAATCTCATGACAGTCCATCTGCAAGCTGGAGACCCAGGGACACTA
D12S391,23.0,[AGAT]13 [AGAC]9 AGAT,,2,0.0048,CAGAGAGAAAGAATCAACAGGATCAATGGATGCATAGGT,GAGAGGGGATTTATTAGAGGAATTAGCTCAAGTGATATGGAGGCTGAAAAATCTCATGACAGTCCATCTGCAAGCTGGAGACCCAGGGACACTA
D12S391,23.0,[AGAT]14 [AGAC]9,,11,0.0262,CAGAGAGAAAGAATCAACAGGATCAATGGATGCATAGGT,GAGAGGGGATTTATTAGAGGAATTAGCTCAAGTGATATGGAGGCTGAAAAATCTCATGACAGTCCATCTGCAAGCTGGAGACCCAGGGACACTA
D12S391,23.0,[AGAT]14 [AGAC]8 AGAT,,8,0.019,CAGAGAGAAAGAATCAACAGGATCAATGGATGCATAGGT,GAGAGGGGATTTATTAGAGGAATTAGCTCAAGTGATATGGAGGCTGAAAAATCTCATGACAGTCCATCTGCAAGCTGGAGACCCAGGGACACTA
D12S391,24.0,[AGAT]13 [AGAC]11,,,,,
D12S391,24.0,[AGAT]14 [AGAC]10,,1,0.0024,CAGAGAGAAAGAATCAACAGGATCAATGGATGCATAGGT,GAGAGGGGATTTATTAGAGGAATTAGCTCAAGTGATATGGAGGCTGAAAAATCTCATGACAGTCCATCTGCAAGCTGGAGACCCAGGGACACTA
D12S391,24.0,[AGAT]14 [AGAC]9 AGAT,,1,0.0024,CAGAGAGAAAGAATCAACAGGATCAATGGATGCATAGGT,GAGAGGGGATTTATTAGAGGAATTAGCTCAAGTGATATGGAGGCTGAAAAATCTCATGACAGTCCATCTGCAAGCTGGAGACCCAGGGACACTA
D12S391,24.0,[AGAT]15 [AGAC]9,,1,0.0024,CAGAGAGAAAGAATCAACAGGATCAATGGATGCATAGGT,GAGAGGGGATTTATTAGAGGAATTAGCTCAAGTGATATGGAGGCTGAAAAATCTCATGACAGTCCATCTGCAAGCTGGAGACCCAGGGACACTA
D12S391,24.0,[AGAT]15 [AGAC]8 AGAT,,1,0.0024,CAGAGAGAAAGAATCAACAGGATCAATGGATGCATAGGT,GAGAGGGGATTTATTAGAGGAATTAGCTCAAGTGATATGGAGGCTGAAAAATCTCATGACAGTCCATCTGCAAGCTGGAGACCCAGGGACACTA
D12S391,25.0,[AGAT]14 [AGAC]11,,,,,
D12S391,25.0,[AGAT]15 [AGAC]10,,,,,
D12S391,25.0,[AGAT]15 [AGAC]9 AGAT,,,,,
D12S391,25.0,[AGAT]16 [AGAC]8 AGAT,,,,,
,,,,415,0.9885999999999996,,
,,,,,,,
D13S317,0.0,,,8,0.019,,
D13S317,10.0,[TATC]10,,27,0.0643,TCTGACCCATCTAACGCCTATCTGTATTTACAAATACAT,AATCAATCATCTATCTATCTTTCTGTCTGTCTTTTTGGG
D13S317,10.0,[TATC]10,,5,0.0119,TCTGACCCATCTAACGCCTATCTGTATTTACAAATACAT,TATCAATCATCTATCTATCTTTCTGTCTGTCTTTTTGGG
D13S317,10.0,[TATC]10,,,,,
D13S317,11.0,[TATC]11,,58,0.1381,TCTGACCCATCTAACGCCTATCTGTATTTACAAATACAT,AATCAATCATCTATCTATCTTTCTGTCTGTCTTTTTGGG
D13S317,11.0,[TATC]11,,61,0.1452,TCTGACCCATCTAACGCCTATCTGTATTTACAAATACAT,TATCAATCATCTATCTATCTTTCTGTCTGTCTTTTTGGG
D13S317,11.0,[TATC]11,,9,0.0214,TCTGACCCATCTAATGCCTATCTGTATTTACAAATACAT,TATCAATCATCTATCTATCTTTCTGTCTGTCTTTTTGGG
D13S317,12.0,[TATC]12,,61,0.1452,TCTGACCCATCTAACGCCTATCTGTATTTACAAATACAT,AATCAATCATCTATCTATCTTTCTGTCTGTCTTTTTGGG
D13S317,12.0,[TATC]12,,1,0.0024,TCTGACCCATCTAACACCTATCTGTATTTACAAATACAT,TATCAATCATCTATCTATCTTTCTGTCTGTCTTTTTGGG
D13S317,12.0,[TATC]12,,37,0.0881,TCTGACCCATCTAACGCCTATCTGTATTTACAAATACAT,TATCAATCATCTATCTATCTTTCTGTCTGTCTTTTTGGG
D13S317,13.0,[TATC]13,,21,0.05,TCTGACCCATCTAACGCCTATCTGTATTTACAAATACAT,AATCAATCATCTATCTATCTTTCTGTCTGTCTTTTTGGG
D13S317,13.0,[TATC]13,,8,0.019,TCTGACCCATCTAACGCCTATCTGTATTTACAAATACAT,TATCAATCATCTATCTATCTTTCTGTCTGTCTTTTTGGG
D13S317,13.0,[TATC]13,,,,,
D13S317,14.0,[TATC]14,,6,0.0143,TCTGACCCATCTAACGCCTATCTGTATTTACAAATACAT,AATCAATCATCTATCTATCTTTCTGTCTGTCTTTTTGGG
D13S317,14.0,[TATC]14,,2,0.0048,TCTGACCCATCTAACGCCTATCTGTATTTACAAATACAT,TATCAATCATCTATCTATCTTTCTGTCTGTCTTTTTGGG
D13S317,15.0,[TATC]15,,1,0.0024,TCTGACCCATCTAACGCCTATCTGTATTTACAAATACAT,AATCAATCATCTATCTATCTTTCTGTCTGTCTTTTTGGG
D13S317,15.0,[TATC]15,,1,0.0024,TCTGACCCATCTAACGCCTATCTGTATTTACAAATACAT,TATCAATCATCTATCTATCTTTCTGTCTGTCTTTTTGGG
D13S317,17.0,[TATC]17,,,,,
D13S317,8.0,[TATC]8,,59,0.1405,TCTGACCCATCTAACGCCTATCTGTATTTACAAATACAT,AATCAATCATCTATCTATCTTTCTGTCTGTCTTTTTGGG
D13S317,9.0,[TATC]8 AATC A,,1,0.0024,TCTGACCCATCTAACGCCTATCTGTATTTACAAATACAT,AATCAATCATCTATCTATCTTTCTGTCTGTCTTTTTGGG
D13S317,9.0,[TATC]9,,54,0.1286,TCTGACCCATCTAACGCCTATCTGTATTTACAAATACAT,AATCAATCATCTATCTATCTTTCTGTCTGTCTTTTTGGG
D13S317,9.0,[TATC]9,,,,,
,,,,420,0.9999999999999998,,
,,,,,,,
D16S539,0.0,,,2,0.0048,,
D16S539,10.0,[GATA]10,,9,0.0214,TCCTCTTCCCTAGATCAATACAGACAGACAGACAGGTG,TCATTGAAAGACAAAACAGAGATGGATGATAGATAC
D16S539,10.0,[GATA]10,,15,0.0357,TCCTCTTCCCTAGATCAATACAGACAGACAGACAGGTG,TCATTGAAAGACAAACCAGAGATGGATGATAGATAC
D16S539,11.0,[GATA]11,,104,0.2476,TCCTCTTCCCTAGATCAATACAGACAGACAGACAGGTG,TCATTGAAAGACAAAACAGAGATGGATGATAGATAC
D16S539,11.0,[GATA]11,,3,0.0071,TCCTCTTCCCTAGATCAATACAGACAGACAGACAGGTG,TCATTGAAAGACAAACCAGAGATGGATGATAGATAC
D16S539,12.0,[GATA]12,,131,0.3119,TCCTCTTCCCTAGATCAATACAGACAGACAGACAGGTG,TCATTGAAAGACAAAACAGAGATGGATGATAGATAC
D16S539,12.0,[GATA]12,,1,0.0024,TCCTCTTCCCTAGATCAATACAGACAGACAGACAGGTG,TCATTGAAAGACAAACCAGAGATGGATGATAGATAC
D16S539,13.0,[GATA]13,,81,0.1929,TCCTCTTCCCTAGATCAATACAGACAGACAGACAGGTG,TCATTGAAAGACAAAACAGAGATGGATGATAGATAC
D16S539,13.0,[GATA]13,,1,0.0024,TCCTCTTCCCTAGATCAATACAGACAGACAGACAGGTG,TCATTGAAAGACAAACCAGAGATGGATGATAGATAC
D16S539,14.0,[GATA]14,,13,0.031,TCCTCTTCCCTAGATCAATACAGACAGACAGACAGGTG,TCATTGAAAGACAAAACAGAGATGGATGATAGATAC
D16S539,15.0,[GATA]15,,1,0.0024,TCCTCTTCCCTAGATCAATACAGACAGACAGACAGGTG,TCATTGAAAGACAAAACAGAGATGGATGATAGATAC
D16S539,8.0,[GATA]8,,1,0.0024,TCCTCTTCCCTAGATCAATACAGACAGACAGACAGGTG,TCATTGAAAGACAAAACAGAGATGGATGATAGATAC
D16S539,8.0,[GATA]8,,1,0.0024,TCCTCTTCCCTAGATCAATACAGACAGAGAGACAGGTG,TCATTGAAAGACAAAACAGAGATGGATGATAGATAC
D16S539,9.0,[GATA]9,,31,0.0738,TCCTCTTCCCTAGATCAATACAGACAGACAGACAGGTG,TCATTGAAAGACAAAACAGAGATGGATGATAGATAC
D16S539,9.0,[GATA]9,,26,0.0619,TCCTCTTCCCTAGATCAATACAGACAGACAGACAGGTG,TCATTGAAAGACAAACCAGAGATGGATGATAGATAC
,,,,420,1.0000999999999998,,
,,,,,,,
D18S51,0.0,,,2,0.0048,,
D18S51,10.0,[AGAA]10,,3,0.0071,GTCTC,AAAGAGAGAGGAAAGAAAGAGAAAAAGAAAAGAAATAGTAGCAACTGTTATTGTAAGA
D18S51,11.0,[AGAA]11,,6,0.0143,GTCTC,AAAGAGAGAGGAAAGAAAGAGAAAAAGAAAAGAAATAGTAGCAACTGTTATTGTAAGA
D18S51,12.0,[AGAA]12,,51,0.1214,GTCTC,AAAGAGAGAGGAAAGAAAGAGAAAAAGAAAAGAAATAGTAGCAACTGTTATTGTAAGA
D18S51,13.0,[AGAA]13,,43,0.1024,GTCTC,AAAGAGAGAGGAAAGAAAGAGAAAAAGAAAAGAAATAGTAGCAACTGTTATTGTAAGA
D18S51,14.0,[AGAA]14,,59,0.1405,GTCTC,AAAGAGAGAGGAAAGAAAGAGAAAAAGAAAAGAAATAGTAGCAACTGTTATTGTAAGA
D18S51,14.0,AGAA AGCA [AGAA]12,,2,0.0048,GTCTC,AAAGAGAGAGGAAAGAAAGAGAAAAAGAAAAGAAATAGTAGCAACTGTTATTGTAAGA
D18S51,15.0,[AGAA]15,,59,0.1405,GTCTC,AAAGAGAGAGGAAAGAAAGAGAAAAAGAAAAGAAATAGTAGCAACTGTTATTGTAAGA
D18S51,16.0,[AGAA]16,,85,0.2024,GTCTC,AAAGAGAGAGGAAAGAAAGAGAAAAAGAAAAGAAATAGTAGCAACTGTTATTGTAAGA
D18S51,17.0,[AGAA]17,,38,0.0905,GTCTC,AAAGAGAGAGGAAAGAAAGAGAAAAAGAAAAGAAATAGTAGCAACTGTTATTGTAAGA
D18S51,18.0,[AGAA]18,,32,0.0762,GTCTC,AAAGAGAGAGGAAAGAAAGAGAAAAAGAAAAGAAATAGTAGCAACTGTTATTGTAAGA
D18S51,19.0,[AGAA]19,,20,0.0476,GTCTC,AAAGAGAGAGGAAAGAAAGAGAAAAAGAAAAGAAATAGTAGCAACTGTTATTGTAAGA
D18S51,20.0,[AGAA]20,,10,0.0238,GTCTC,AAAGAGAGAGGAAAGAAAGAGAAAAAGAAAAGAAATAGTAGCAACTGTTATTGTAAGA
D18S51,21.0,[AGAA]21,,4,0.0095,GTCTC,AAAGAGAGAGGAAAGAAAGAGAAAAAGAAAAGAAATAGTAGCAACTGTTATTGTAAGA
D18S51,22.0,[AGAA]22,,2,0.0048,GTCTC,AAAGAGAGAGGAAAGAAAGAGAAAAAGAAAAGAAATAGTAGCAACTGTTATTGTAAGA
,,,,416,0.9906000000000001,,
,,,,,,,
D19S433,0.0,,,2,0.0048,,
D19S433,11.0,AAGG AAAG AAGG TAGG [AAGG]9,,4,0.0095,AGCTATAATTGTACCACTGCACTCCAGCCTGGGCAACAGAATAAGATTCTGTTG,AGAGAGGAAGAAAGAGAGAAGATTTTTATT
D19S433,12.0,AAGG AAAG AAGG TAGG [AAGG]10,,37,0.0881,AGCTATAATTGTACCACTGCACTCCAGCCTGGGCAACAGAATAAGATTCTGTTG,AGAGAGGAAGAAAGAGAGAAGATTTTTATT
D19S433,12.2,AAGG AA AAGG TAGG [AAGG]11,,1,0.0024,AGCTATAATTGTACCACTGCACTCCAGCCTGGGCAACAGAATAAGATTCTGTTG,AGAGAGGAAGAAAGAGAGAAGATTTTTATT
D19S433,13.0,AAGG AAAG AAGG TAGG [AAGG]11,,105,0.25,AGCTATAATTGTACCACTGCACTCCAGCCTGGGCAACAGAATAAGATTCTGTTG,AGAGAGGAAGAAAGAGAGAAGATTTTTATT
D19S433,13.2,AAGG AA AAGG TAGG [AAGG]12,,11,0.0262,AGCTATAATTGTACCACTGCACTCCAGCCTGGGCAACAGAATAAGATTCTGTTG,AGAGAGGAAGAAAGAGAGAAGATTTTTATT
D19S433,13.2,AAGG AAAG AAGG TAGG [AAGG]11 [AAGG]11,,,,,
D19S433,14.0,AAGG AAAG AAGG TAGG [AAGG]12,,2,0.0048,AGCCATAATTGTACCACTGCACTCCAGCCTGGGCAACAGAATAAGATTCTGTTG,AGAGAGGAAGAAAGAGAGAAGATTTTTATT
D19S433,14.0,AAGG AAAG AAGG TAGG [AAGG]12,,135,0.3214,AGCTATAATTGTACCACTGCACTCCAGCCTGGGCAACAGAATAAGATTCTGTTG,AGAGAGGAAGAAAGAGAGAAGATTTTTATT
D19S433,14.2,AAGG AA AAGG TAGG [AAGG]13,,13,0.031,AGCTATAATTGTACCACTGCACTCCAGCCTGGGCAACAGAATAAGATTCTGTTG,AGAGAGGAAGAAAGAGAGAAGATTTTTATT
D19S433,15.0,AAGG AAAG AAGG TAGG [AAGG]13,,70,0.1667,AGCTATAATTGTACCACTGCACTCCAGCCTGGGCAACAGAATAAGATTCTGTTG,AGAGAGGAAGAAAGAGAGAAGATTTTTATT
D19S433,15.2,AAGG AA AAGG TAGG [AAGG]14,,13,0.031,AGCTATAATTGTACCACTGCACTCCAGCCTGGGCAACAGAATAAGATTCTGTTG,AGAGAGGAAGAAAGAGAGAAGATTTTTATT
D19S433,16.0,AAGG AAAG AAGG TAGG [AAGG]14,,18,0.0429,AGCTATAATTGTACCACTGCACTCCAGCCTGGGCAACAGAATAAGATTCTGTTG,AGAGAGGAAGAAAGAGAGAAGATTTTTATT
D19S433,16.2,AAGG AA AAGG TAGG [AAGG]15,,4,0.0095,AGCTATAATTGTACCACTGCACTCCAGCCTGGGCAACAGAATAAGATTCTGTTG,AGAGAGGAAGAAAGAGAGAAGATTTTTATT
D19S433,17.0,AAGG AAAG AAGG TAGG [AAGG]15,,1,0.0024,AGCTATAATTGTACCACTGCACTCCAGCCTGGGCAACAGAATAAGATTCTGTTG,AGAGAGGAAGAAAGAGAGAAGATTTTTATT
D19S433,17.2,AAGG AA AAGG TAGG [AAGG]16,,4,0.0095,AGCTATAATTGTACCACTGCACTCCAGCCTGGGCAACAGAATAAGATTCTGTTG,AGAGAGGAAGAAAGAGAGAAGATTTTTATT
,,,,420,1.0002,,
,,,,,,,
D1S1656,0.0,,,134,0.319,,
D1S1656,10.0,[TAGA]10,,2,0.0048,,TGTGTGTGTGTTTAATTGTATGTATATATATTTGGTTCCCTAGTGATTCTATTTCTCTGAA
D1S1656,10.0,[TAGA]9 TAGG,,,,,
D1S1656,11.0,[TAGA]11,,37,0.0881,,TGTGTGTGTGTTTAATTGTATGTATATATATTTGGTTCCCTAGTGATTCTATTTCTCTGAA
D1S1656,11.0,[TAGA]10 TAGG,,1,0.0024,,TGTGTGTGTGTTTAATTGTATGTATATATATTTGGTTCCCTAGTGATTCTATTTCTCTGAA
D1S1656,12.0,[TAGA]12,,9,0.0214,,TGTGTGTGTGTTTAATTGTATGTATATATATTTGGTTCCCTAGTGATTCTATTTCTCTGAA
D1S1656,12.0,[TAGA]11 TAGG,,28,0.0667,,TGTGTGTGTGTTTAATTGTATGTATATATATTTGGTTCCCTAGTGATTCTATTTCTCTGAA
D1S1656,13.0,[TAGA]13,,12,0.0286,,TGTGTGTGTGTTTAATTGTATGTATATATATTTGGTTCCCTAGTGATTCTATTTCTCTGAA
D1S1656,13.0,[TAGA]12 TAGG,,19,0.0452,,TGTGTGTGTGTTTAATTGTATGTATATATATTTGGTTCCCTAGTGATTCTATTTCTCTGAA
D1S1656,13.0,[TAGA]11 TAGC TAGA,,,,,
D1S1656,14.0,[TAGA]14,,1,0.0024,,TGTGTGTGTGTTTAATTGTATGTATATATATTTGGTTCCCTAGTGATTCTATTTCTCTGAA
D1S1656,14.0,[TAGA]13 TAGG,,36,0.0857,,TGTGTGTGTGTTTAATTGTATGTATATATATTTGGTTCCCTAGTGATTCTATTTCTCTGAA
D1S1656,15.0,[TAGA]15,,3,0.0071,,TGTGTGTGTGTTTAATTGTATGTATATATATTTGGTTCCCTAGTGATTCTATTTCTCTGAA
D1S1656,15.0,[TAGA]14 TAGG,,46,0.1095,,TGTGTGTGTGTTTAATTGTATGTATATATATTTGGTTCCCTAGTGATTCTATTTCTCTGAA
D1S1656,15.2,[TAGA]15 [TAGA]15,,,,,
D1S1656,15.3,[TAGA]4 TGA [TAGA]10 TAGG,,9,0.0214,,TGTGTGTGTGTTTAATTGTATGTATATATATTTGGTTCCCTAGTGATTCTATTTCTCTGAA
D1S1656,15.3,[TAGA]3 TGA [TAGA]11 TAGG,,3,0.0071,,TGTGTGTGTGTTTAATTGTATGTATATATATTTGGTTCCCTAGTGATTCTATTTCTCTGAA
D1S1656,16.0,[TAGA]15 TAAG T,,3,0.0071,,TGTGTGTGTGTTTAATTGTATGTATATATATTTGGTTCCCTAGTGATTCTATTTCTCTGAA
D1S1656,16.0,[TAGA]15 TAGG,,29,0.069,,TGTGTGTGTGTTTAATTGTATGTATATATATTTGGTTCCCTAGTGATTCTATTTCTCTGAA
D1S1656,16.3,[TAGA]4 TGA [TAGA]11 TAGG,,10,0.0238,,TGTGTGTGTGTTTAATTGTATGTATATATATTTGGTTCCCTAGTGATTCTATTTCTCTGAA
D1S1656,17.0,[TAGA]16 TAGG,,8,0.019,,TGTGTGTGTGTTTAATTGTATGTATATATATTTGGTTCCCTAGTGATTCTATTTCTCTGAA
D1S1656,17.3,[TAGA]4 TGA [TAGA]12 TAGG,,17,0.0405,,TGTGTGTGTGTTTAATTGTATGTATATATATTTGGTTCCCTAGTGATTCTATTTCTCTGAA
D1S1656,18.0,[TAGA]17 TAGG,,,,,
D1S1656,18.3,[TAGA]4 TGA [TAGA]13 TAGG,,7,0.0167,,TGTGTGTGTGTTTAATTGTATGTATATATATTTGGTTCCCTAGTGATTCTATTTCTCTGAA
D1S1656,19.3,[TAGA]4 TGA [TAGA]14 TAGG,,4,0.0095,,TGTGTGTGTGTTTAATTGTATGTATATATATTTGGTTCCCTAGTGATTCTATTTCTCTGAA
,,,,418,0.995,,
,,,,,,,
D21S11,0.0,,,,,,
D21S11,14.3,[TCTA]6 [TCTG]5 [TCTA]3 [TCTA]3,,,,,
D21S11,14.3,[TCTA]5 [TCTG]6 [TCTA]3 [TCTA]3,,,,,
D21S11,14.3,[TCTA]4 [TCTG]7 [TCTA]3 [TCTA]3,,,,,
D21S11,15.3,[TCTA]6 [TCTG]6 [TCTA]3 [TCTA]3,,,,,
D21S11,25.0,[TCTA]4 [TCTG]6 [TCTA]3 [TATC]4 [ATCT]2 ATCC ATAT [CTAT]4,,,,,
D21S11,26.0,[TCTA]4 [TCTG]6 [TCTA]3 [TATC]4 [ATCT]2 ATCC ATAT [CTAT]5,,1,0.0024,AAATATGTGAGTCAATTCCCCAAGTGAATTGCCT,CTATCTATCTATCGTCTATCTAT
D21S11,27.0,[TCTA]6 [TCTG]5 [TCTA]3 [TATC]4 [ATCT]2 ATCC ATAT [CTAT]5,,1,0.0024,AAATATGTGAGTCAATTCCCCAAGTGAATTGCCT,CTATCTATCTATCGTCTATCTAT
D21S11,27.0,[TCTA]4 [TCTG]5 [TCTA]3 [TATC]4 [ATCT]2 ATCC ATAT [CTAT]7,,1,0.0024,AAATATGTGAGTCAATTCCCCAAGTGAATTGCCT,CTATCTATCTATCGTCTATCTAT
D21S11,27.0,[TCTA]4 [TCTG]6 [TCTA]3 [TATC]4 [ATCT]2 ATCC ATAT [CTAT]6,,11,0.0262,AAATATGTGAGTCAATTCCCCAAGTGAATTGCCT,CTATCTATCTATCGTCTATCTAT
D21S11,28.0,[TCTA]6 [TCTG]5 [TCTA]3 [TATC]4 [ATCT]2 ATCC ATAT [CTAT]6,,3,0.0071,AAATATGTGAGTCAATTCCCCAAGTGAATTGCCT,CTATCTATCTATCGTCTATCTAT
D21S11,28.0,[TCTA]4 [TCTG]5 [TCTA]3 [TATC]4 [ATCT]2 ATCC ATAT [CTAT]8,,,,,
D21S11,28.0,[TCTA]4 [TCTG]6 [TCTA]3 [TATC]4 [ATCT]2 ATCC ATAT [CTAT]7,,56,0.1333,AAATATGTGAGTCAATTCCCCAAGTGAATTGCCT,CTATCTATCTATCGTCTATCTAT
D21S11,29.0,[TCTA]6 [TCTG]5 [TCTA]3 [TATC]4 [ATCT]2 ATCC ATAT [CTAT]7,,30,0.0714,AAATATGTGAGTCAATTCCCCAAGTGAATTGCCT,CTATCTATCTATCGTCTATCTAT
D21S11,29.0,[TCTA]5 [TCTG]6 [TCTA]3 [TATC]3 [ATCT]2 ATCC ATAT [CTAT]8,,1,0.0024,AAATATGTGAGTCAATTCCCCAAGTGAATTGCCT,CTATCTATCTATCGTCTATCTAT
D21S11,29.0,[TCTA]5 [TCTG]6 [TCTA]3 [TATC]4 [ATCT]2 ATCC ATAT [CTAT]7,,,,,
D21S11,29.0,[TCTA]4 [TCTG]6 [TCTA]3 [TATC]4 [ATCT]2 ATCC ATAT [CTAT]8,,61,0.1452,AAATATGTGAGTCAATTCCCCAAGTGAATTGCCT,CTATCTATCTATCGTCTATCTAT
D21S11,29.0,[TCTA]4 [TCTG]7 [TCTA]3 [TATC]4 [ATCT]2 ATCC ATAT [CTAT]7,,1,0.0024,AAATATGTGAGTCAATTCCCCAAGTGAATTGCCT,CTATCTATCTATCGTCTATCTAT
D21S11,29.2,[TCTA]5 [TCTG]5 [TCTA]3 [TATC]4 [ATCT]2 ATCC ATAT [CTAT]8 [CTAT]8,,,,,
D21S11,30.0,[TCTA]2 T ATAT [CTAT]3 CTG [TCTG]4 [TCTA]3 [TATC]4 [ATCT]2 ATCC ATAT [CTAT]8,,,,,
D21S11,30.0,[TCTA]7 [TCTG]5 [TCTA]3 [TATC]4 [ATCT]2 ATCC ATAT [CTAT]7,,1,0.0024,AAATATGTGAGTCAATTCCCCAAGTGAATTGCCT,CTATCTATCTATCGTCTATCTAT
D21S11,30.0,[TCTA]6 [TCTG]5 [TCTA]3 [TATC]4 [ATCT]2 ATCC ATAT [CTAT]8,,37,0.0881,AAATATGTGAGTCAATTCCCCAAGTGAATTGCCT,CTATCTATCTATCGTCTATCTAT
D21S11,30.0,[TCTA]6 [TCTG]6 [TCTA]3 [TATC]4 [ATCT]2 ATCC ATAT [CTAT]7,,1,0.0024,AAATATGTGAGTCAATTCCCCAAGTGAATTGCCT,CTATCTATCTATCGTCTATCTAT
D21S11,30.0,[TCTA]5 [TCTG]6 [TCTA]3 [TATC]3 [ATCT]2 ATCC ATAT [CTAT]9,,1,0.0024,AAATATGTGAGTCAATTCCCCAAGTGAATTGCCT,CTATCTATCTATCGTCTATCTAT
D21S11,30.0,[TCTA]5 [TCTG]6 [TCTA]3 [TATC]4 [ATCT]2 ATCC ATAT [CTAT]8,,17,0.0405,AAATATGTGAGTCAATTCCCCAAGTGAATTGCCT,CTATCTATCTATCGTCTATCTAT
D21S11,30.0,[TCTA]4 [TCTG]6 [TCTA]3 [TATC]4 [ATCT]2 ATCC ATAT [CTAT]9,,27,0.0643,AAATATGTGAGTCAATTCCCCAAGTGAATTGCCT,CTATCTATCTATCGTCTATCTAT
D21S11,30.2,[TCTA]5 [TCTG]5 [TCTA]3 [TATC]4 [ATCT]2 ATCC ATAT [CTAT]9 [CTAT]9,,2,0.0048,AAATATGTGAGTCAATTCCCCAAGTGAATTGCCT,ATCTATATCTATCGTCTATCTAT
D21S11,30.2,[TCTA]5 [TCTG]6 [TCTA]3 [TATC]4 [ATCT]2 ATCC ATAT [CTAT]8 [CTAT]8,,18,0.0429,AAATATGTGAGTCAATTCCCCAAGTGAATTGCCT,ATCTATATCTATCGTCTATCTAT
D21S11,31.0,[TCTA]7 [TCTG]5 [TCTA]3 [TATC]4 [ATCT]2 ATCC ATAT [CTAT]8,,1,0.0024,AAATATGTGAGTCAATTCCCCAAGTGAATTGCCT,CTATCTATCTATCGTCTATCTAT
D21S11,31.0,[TCTA]6 [TCTG]5 [TCTA]3 [TATC]4 [ATCT]2 ATCC ATAT [CTAT]9,,8,0.019,AAATATGTGAGTCAATTCCCCAAGTGAATTGCCT,CTATCTATCTATCGTCTATCTAT
D21S11,31.0,[TCTA]6 [TCTG]6 [TCTA]3 [TATC]4 [ATCT]2 ATCC ATAT [CTAT]8,,1,0.0024,AAATATGTGAGTCAATTCCCCAAGTGAATTGCCT,CTATCTATCTATCGTCTATCTAT
D21S11,31.0,[TCTA]5 [TCTG]6 [TCTA]3 [TATC]4 [ATCT]2 ATCC ATAT [CTAT]9,,13,0.031,AAATATGTGAGTCAATTCCCCAAGTGAATTGCCT,CTATCTATCTATCGTCTATCTAT
D21S11,31.0,[TCTA]4 [TCTG]6 [TCTA]3 [TATC]4 [ATCT]2 ATCC ATAT [CTAT]10,,6,0.0143,AAATATGTGAGTCAATTCCCCAAGTGAATTGCCT,CTATCTATCTATCGTCTATCTAT
D21S11,31.2,[TCTA]5 [TCTG]5 [TCTA]3 [TATC]4 [ATCT]2 ATCC ATAT [CTAT]10 [CTAT]10,,2,0.0048,AAATATGTGAGTCAATTCCCCAAGTGAATTGCCT,ATCTATATCTATCGTCTATCTAT
D21S11,31.2,[TCTA]5 [TCTG]6 [TCTA]3 [TATC]4 [ATCT]2 ATCC ATAT [CTAT]9 [CTAT]9,,46,0.1095,AAATATGTGAGTCAATTCCCCAAGTGAATTGCCT,ATCTATATCTATCGTCTATCTAT
D21S11,32.0,[TCTA]7 [TCTG]5 [TCTA]3 [TATC]4 [ATCT]2 ATCC ATAT [CTAT]9,,,,,
D21S11,32.0,[TCTA]6 [TCTG]5 [TCTA]3 [TATC]4 [ATCT]2 ATCC ATAT [CTAT]10,,2,0.0048,AAATATGTGAGTCAATTCCCCAAGTGAATTGCCT,CTATCTATCTATCGTCTATCTAT
D21S11,32.0,[TCTA]6 [TCTG]6 [TCTA]3 [TATC]4 [ATCT]2 ATCC ATAT [CTAT]9,,1,0.0024,AAATATGTGAGTCAATTCCCCAAGTGAATTGCCT,CTATCTATCTATCGTCTATCTAT
D21S11,32.0,[TCTA]5 [TCTG]6 [TCTA]3 [TATC]4 [ATCT]2 ATCC ATAT [CTAT]10,,6,0.0143,AAATATGTGAGTCAATTCCCCAAGTGAATTGCCT,CTATCTATCTATCGTCTATCTAT
D21S11,32.0,[TCTA]5 [TCTG]6 [TCTA]3 [TATC]4 [ATCT]2 ATCC ATAT [CTAT]10,,1,0.0024,AAATATGTGAGTCAATTCTCCAAGTGAATTGCCT,CTATCTATCTATCGTCTATCTAT
D21S11,32.2,[TCTA]6 [TCTG]6 [TCTA]3 [TATC]4 [ATCT]2 ATCC ATAT [CTAT]9 [CTAT]9,,,,,
D21S11,32.2,[TCTA]5 [TCTG]6 [TCTA]3 [TATC]4 [ATCT]2 ATCC ATAT [CTAT]10 [CTAT]10,,37,0.0881,AAATATGTGAGTCAATTCCCCAAGTGAATTGCCT,ATCTATATCTATCGTCTATCTAT
D21S11,33.2,[TCTA]6 [TCTG]6 [TCTA]3 [TATC]4 [ATCT]2 ATCC ATAT [CTAT]10 [CTAT]10,,2,0.0048,AAATATGTGAGTCAATTCCCCAAGTGAATTGCCT,ATCTATATCTATCGTCTATCTAT
D21S11,33.2,[TCTA]5 [TCTG]6 [TCTA]3 [TATC]4 [ATCT]2 ATCC ATAT [CTAT]11 [CTAT]11,,17,0.0405,AAATATGTGAGTCAATTCCCCAAGTGAATTGCCT,ATCTATATCTATCGTCTATCTAT
D21S11,33.2,[TCTA]5 [TCTG]7 [TCTA]3 [TATC]4 [ATCT]2 ATCC ATAT [CTAT]10 [CTAT]10,,1,0.0024,AAATATGTGAGTCAATTCCCCAAGTGAATTGCCT,ATCTATATCTATCGTCTATCTAT
D21S11,34.2,[TCTA]5 [TCTG]6 [TCTA]3 [TATC]4 [ATCT]2 ATCC ATAT [CTAT]12 [CTAT]12,,4,0.0095,AAATATGTGAGTCAATTCCCCAAGTGAATTGCCT,ATCTATATCTATCGTCTATCTAT
D21S11,35.0,[TCTA]5 [TCTG]6 [TCTA]3 [TATC]4 [ATCT]2 ATCC ATAT [CTAT]8 C [ATCT]3 ATC ATCT,,1,0.0024,AAATATGTGAGTCAATTCCCCAAGTGAATTGCCT,ATCTATATCTATCGTCTATCTAT
,,,,419,0.998,,
,,,,,,,
D22S1045,0.0,,,2,0.0048,,
D22S1045,10.0,[ATT]7 ACT [ATT]2,,2,0.0048,CGTTGGAATTCCCCAAACTGGCCAGTTCCTCTCCACCCTATAGACCCTGTCCTAGCCTTCTTATAGCTGCTATGGGGGCTAGATTTTCCCCGATGATAGTAGTCTC,GTTATAAAAATATTGCCAAT
D22S1045,11.0,[ATT]8 ACT [ATT]2,,106,0.2524,CGTTGGAATTCCCCAAACTGGCCAGTTCCTCTCCACCCTATAGACCCTGTCCTAGCCTTCTTATAGCTGCTATGGGGGCTAGATTTTCCCCGATGATAGTAGTCTC,GTTATAAAAATATTGCCAAT
D22S1045,12.0,[ATT]9 ACT [ATT]2,,1,0.0024,CATTGGAATTCCCCAAACTGGCCAGTTCCTCTCCACCCTATAGACCCTGTCCTAGCCTTCTTATAGCTGCTATGGGGGCTAGATTTTCCCCGATGATAGTAGTCTC,GTTATAAAAATATTGCCAAT
D22S1045,12.0,[ATT]9 ACT [ATT]2,,5,0.0119,CGTTGGAATTCCCCAAACTGGCCAGTTCCTCTCCACCCTATAGACCCTGTCCTAGCCTTCTTATAGCTGCTATGGGGGCTAGATTTTCCCCGATGATAGTAGTCTC,GTTATAAAAATATTGCCAAT
D22S1045,13.0,[ATT]10 ACT [ATT]2,,1,0.0024,CGTTGGAATTCCCCAAACTGGCCAGTTCCTCTCCACCCTATAGACCCTGTCCTAGCCTTCTTATAGCTGCTATGGGGGCTAGATTTTCCCCGATGATAGTAGTCTC,GTTATAAAAATATTGCCAAT
D22S1045,14.0,[ATT]11 ACT [ATT]2,,8,0.019,CGTTGGAATTCCCCAAACTGGCCAGTTCCTCTCCACCCTATAGACCCTGTCCTAGCCTTCTTATAGCTGCTATGGGGGCTAGATTTTCCCCGATGATAGTAGTCTC,GTTATAAAAATATTGCCAAT
D22S1045,15.0,[ATT]12 ACT [ATT]2,,135,0.3214,CGTTGGAATTCCCCAAACTGGCCAGTTCCTCTCCACCCTATAGACCCTGTCCTAGCCTTCTTATAGCTGCTATGGGGGCTAGATTTTCCCCGATGATAGTAGTCTC,GTTATAAAAATATTGCCAAT
D22S1045,16.0,[ATT]13 ACT [ATT]2,,133,0.3167,CGTTGGAATTCCCCAAACTGGCCAGTTCCTCTCCACCCTATAGACCCTGTCCTAGCCTTCTTATAGCTGCTATGGGGGCTAGATTTTCCCCGATGATAGTAGTCTC,GTTATAAAAATATTGCCAAT
D22S1045,17.0,[ATT]14 ACT [ATT]2,,24,0.0571,CGTTGGAATTCCCCAAACTGGCCAGTTCCTCTCCACCCTATAGACCCTGTCCTAGCCTTCTTATAGCTGCTATGGGGGCTAGATTTTCCCCGATGATAGTAGTCTC,GTTATAAAAATATTGCCAAT
D22S1045,18.0,[ATT]15 ACT [ATT]2,,3,0.0071,CGTTGGAATTCCCCAAACTGGCCAGTTCCTCTCCACCCTATAGACCCTGTCCTAGCCTTCTTATAGCTGCTATGGGGGCTAGATTTTCCCCGATGATAGTAGTCTC,GTTATAAAAATATTGCCAAT
,,,,420,1.0000000000000002,,
,,,,,,,
D2S1338,0.0,,,8,0.019,,
D2S1338,15.0,[TGCC]5 [TTCC]10,,,,,
D2S1338,16.0,[TGCC]6 [TTCC]10,,27,0.0643,AAATGGCTTGGCCT,CTC
D2S1338,16.0,[TGCC]5 [TTCC]11,,1,0.0024,AAATGGCTTGGCCT,CTC
D2S1338,17.0,[TGCC]7 [TTCC]10,,,,,
D2S1338,17.0,[TGCC]6 [TTCC]11,,77,0.1833,AAATGGCTTGGCCT,CTC
D2S1338,17.0,[TGCC]5 [TTCC]12,,1,0.0024,AAATGGCTTGGCCT,CTC
D2S1338,18.0,[TGCC]7 [TTCC]11,,11,0.0262,AAATGGCTTGGCCT,CTC
D2S1338,18.0,[TGCC]6 [TTCC]12,,15,0.0357,AAATGGCTTGGCCT,CTC
D2S1338,19.0,[TGCC]7 TCCC [TTCC]11,,,,,
D2S1338,19.0,[TGCC]8 [TTCC]11,,,,,
D2S1338,19.0,[TGCC]7 [TTCC]9 GTCC [TTCC]2,,,,,
D2S1338,19.0,[TGCC]7 [TTCC]12,,34,0.081,AAATGGCTTGGCCT,CTC
D2S1338,19.0,[TGCC]6 [TTCC]10 GTCC [TTCC]2,,,,,
D2S1338,19.0,[TGCC]6 [TTCC]13,,12,0.0286,AAATGGCTTGGCCT,CTC
D2S1338,20.0,[TGCC]7 TCCC [TTCC]12,,1,0.0024,AAATGGCTTGGCCT,CTC
D2S1338,20.0,[TGCC]7 [TTCC]10 GTCC [TTCC]2,,14,0.0333,AAATGGCTTGGCCT,CTC
D2S1338,20.0,[TGCC]7 [TTCC]13,,35,0.0833,AAATGGCTTGGCCT,CTC
D2S1338,20.0,[TGCC]6 [TTCC]14,,3,0.0071,AAATGGCTTGGCCT,CTC
D2S1338,21.0,[TGCC]8 [TTCC]10 GTCC [TTCC]2,,1,0.0024,AAATGGCTTGGCCT,CTC
D2S1338,21.0,[TGCC]7 [TTCC]11 GTCC [TTCC]2,,6,0.0143,AAATGGCTTGGCCT,CTC
D2S1338,21.0,[TGCC]7 [TTCC]14,,19,0.0452,AAATGGCTTGGCCT,CTC
D2S1338,21.0,[TGCC]7 [TTCC]2 TTTC [TTCC]11,,,,,
D2S1338,22.0,[TGCC]7 [TTCC]12 GTCC [TTCC]2,,6,0.0143,AAATGGCTTGGCCT,CTC
D2S1338,22.0,[TGCC]6 [TTCC]13 GTCC [TTCC]2,,,,,
D2S1338,23.0,[TGCC]9 [TTCC]14,,1,0.0024,AAATGGCTTGGCCT,CTC
D2S1338,23.0,[TGCC]7 [TTCC]13 GTCC [TTCC]2,,51,0.1214,AAATGGCTTGGCCT,CTC
D2S1338,23.0,[TGCC]6 [TTCC]14 GTCC [TTCC]2,,5,0.0119,AAATGGCTTGGCCT,CTC
D2S1338,24.0,[TGCC]8 [TTCC]13 GTCC [TTCC]2,,,,,
D2S1338,24.0,[TGCC]7 [TTCC]14 GTCC [TTCC]2,,25,0.0595,AAATGGCTTGGCCT,CTC
D2S1338,24.0,[TGCC]6 [TTCC]15 GTCC [TTCC]2,,5,0.0119,AAATGGCTTGGCCT,CTC
D2S1338,24.0,[TGCC]5 [TTCC]16 GTCC [TTCC]2,,,,,
D2S1338,25.0,[TGCC]8 [TTCC]14 GTCC [TTCC]2,,9,0.0214,AAATGGCTTGGCCT,CTC
D2S1338,25.0,[TGCC]7 [TTCC]15 GTCC [TTCC]2,,40,0.0952,AAATGGCTTGGCCT,CTC
D2S1338,26.0,[TGCC]8 [TTCC]15 GTCC [TTCC]2,,2,0.0048,AAATGGCTTGGCCT,CTC
D2S1338,26.0,[TGCC]7 [TTCC]16 GTCC [TTCC]2,,10,0.0238,AAATGGCTTGGCCT,CTC
D2S1338,27.0,[TGCC]7 [TTCC]17 GTCC [TTCC]2,,,,,
,,,,419,0.9974999999999999,,
,,,,,,,
D2S441,0.0,,,2,0.0048,,
D2S441,10.0,[TCTA]10,,30,0.0714,CCAGGAACTGTGGCTCATCTATGAAAACT,TATCATAACACCACAGCCACTTA
D2S441,10.0,[TCTA]8 TCTG TCTA,,60,0.1429,CCAGGAACTGTGGCTCATCTATGAAAACT,TATCATAACACCACAGCCACTTA
D2S441,11.0,[TCTA]11,,22,0.0524,CCAGAAACTGTGGCTCATCTATGAAAACT,TATCATAACACCACAGCCACTTA
D2S441,11.0,[TCTA]11,,123,0.2929,CCAGGAACTGTGGCTCATCTATGAAAACT,TATCATAACACCACAGCCACTTA
D2S441,11.0,[TCTA]9 TCTG TCTA,,6,0.0143,CCAGGAACTGTGGCTCATCTATGAAAACT,TATCATAACACCACAGCCACTTA
D2S441,11.3,[TCTA]4 TCA [TCTA]7,,32,0.0762,CCAGGAACTGTGGCTCATCTATGAAAACT,TATCATAACACCACAGCCACTTA
D2S441,12.0,[TCTA]12,,10,0.0238,CCAGGAACTGTGGCTCATCTATGAAAACT,TATCATAACACCACAGCCACTTA
D2S441,12.0,[TCTA]10 TCTG TCTA,,,,,
D2S441,12.0,[TCTA]9 TTTA [TCTA]2,,,,,
D2S441,12.3,[TCTA]4 TCA [TCTA]8,,1,0.0024,CCAGGAACTGTGGCTCATCTATGAAAACT,TATCATAACACCACAGCCACTTA
D2S441,13.0,[TCTA]13,,,,,
D2S441,13.0,[TCTA]10 TTTA [TCTA]2,,11,0.0262,CCAGGAACTGTGGCTCATCTATGAAAACT,TATCATAACACCACAGCCACTTA
D2S441,13.3,[TCTA]4 TCA [TCTA]9,,1,0.0024,CCAGGAACTGTGGCTCATCTATGAAAACT,TATCATAACACCACAGCCACTTA
D2S441,14.0,[TCTA]11 TTTA [TCTA]2,,99,0.2357,CCAGGAACTGTGGCTCATCTATGAAAACT,TATCATAACACCACAGCCACTTA
D2S441,14.1,A [TCTA]11 TTTA [TCTA]2,,,,,
D2S441,15.0,[TCTA]12 TTTA [TCTA]2,,20,0.0476,CCAGGAACTGTGGCTCATCTATGAAAACT,TATCATAACACCACAGCCACTTA
D2S441,16.0,[TCTA]13 TTTA [TCTA]2,,3,0.0071,CCAGGAACTGTGGCTCATCTATGAAAACT,TATCATAACACCACAGCCACTTA
,,,,420,1.0001,,
,,,,,,,
D3S1358,0.0,,,2,0.0048,,
D3S1358,13.0,TCTA [TCTG]2 [TCTA]10,,2,0.0048,TTTGGGGGCATCTCTTATACTCATGAAATCAACAGAGGCTTGCATGTA,TGAGACAGGGTCTTGCTC
D3S1358,14.0,TCTA TCTG [TCTA]12,,,,,
D3S1358,14.0,TCTA [TCTG]2 [TCTA]11,,51,0.1214,TTTGGGGGCATCTCTTATACTCATGAAATCAACAGAGGCTTGCATGTA,TGAGACAGGGTCTTGCTC
D3S1358,15.0,TCTA TCTG [TCTA]13,,9,0.0214,TTTGGGGGCATCTCTTATACTCATGAAATCAACAGAGGCTTGCATGTA,TGAGACAGGGTCTTGCTC
D3S1358,15.0,TCTA [TCTG]2 [TCTA]12,,83,0.1976,TTTGGGGGCATCTCTTATACTCATGAAATCAACAGAGGCTTGCATGTA,TGAGACAGGGTCTTGCTC
D3S1358,15.0,TCTA [TCTG]3 [TCTA]11,,10,0.0238,TTTGGGGGCATCTCTTATACTCATGAAATCAACAGAGGCTTGCATGTA,TGAGACAGGGTCTTGCTC
D3S1358,16.0,TCTA TCTG [TCTA]14,,3,0.0071,TTTGGGGGCATCTCTTATACTCATGAAATCAACAGAGGCTTGCATGTA,TGAGACAGGGTCTTGCTC
D3S1358,16.0,TCTA [TCTG]2 [TCTA]13,,62,0.1476,TTTGGGGGCATCTCTTATACTCATGAAATCAACAGAGGCTTGCATGTA,TGAGACAGGGTCTTGCTC
D3S1358,16.0,TCTA [TCTG]3 [TCTA]12,,35,0.0833,TTTGGGGGCATCTCTTATACTCATGAAATCAACAGAGGCTTGCATGTA,TGAGACAGGGTCTTGCTC
D3S1358,17.0,TCTA TCTG [TCTA]15,,2,0.0048,TTTGGGGGCATCTCTTATACTCATGAAATCAACAGAGGCTTGCATGTA,TGAGACAGGGTCTTGCTC
D3S1358,17.0,TCTA [TCTG]2 [TCTA]14,,41,0.0976,TTTGGGGGCATCTCTTATACTCATGAAATCAACAGAGGCTTGCATGTA,TGAGACAGGGTCTTGCTC
D3S1358,17.0,TCTA [TCTG]3 [TCTA]13,,38,0.0905,TTTGGGGGCATCTCTTATACTCATGAAATCAACAGAGGCTTGCATGTA,TGAGACAGGGTCTTGCTC
D3S1358,17.0,TCTA [TCTG]4 [TCTA]12,,1,0.0024,TTTGGGGGCATCTCTTATACTCATGAAATCAACAGAGGCTTGCATGTA,TGAGACAGGGTCTTGCTC
D3S1358,18.0,TCTA [TCTG]2 [TCTA]15,,4,0.0095,TTTGGGGGCATCTCTTATACTCATGAAATCAACAGAGGCTTGCATGTA,TGAGACAGGGTCTTGCTC
D3S1358,18.0,TCTA [TCTG]2 TCTC [TCTA]14,,2,0.0048,TTTGGGGGCATCTCTTATACTCATGAAATCAACAGAGGCTTGCATGTA,TGAGACAGGGTCTTGCTC
D3S1358,18.0,TCTA [TCTG]3 [TCTA]14,,68,0.1619,TTTGGGGGCATCTCTTATACTCATGAAATCAACAGAGGCTTGCATGTA,TGAGACAGGGTCTTGCTC
D3S1358,18.0,TCTA [TCTG]4 [TCTA]13,,2,0.0048,TTTGGGGGCATCTCTTATACTCATGAAATCAACAGAGGCTTGCATGTA,TGAGACAGGGTCTTGCTC
D3S1358,19.0,TCTA [TCTG]3 [TCTA]15,,4,0.0095,TTTGGGGGCATCTCTTATACTCATGAAATCAACAGAGGCTTGCATGTA,TGAGACAGGGTCTTGCTC
D3S1358,20.0,TCTA [TCTG]3 [TCTA]16,,1,0.0024,TTTGGGGGCATCTCTTATACTCATGAAATCAACAGAGGCTTGCATGTA,TGAGACAGGGTCTTGCTC
,,,,420,1.0,,
,,,,,,,
D5S818,0.0,,,12,0.0286,,
D5S818,10.0,[AGAT]10,,23,0.0548,ATTTTGA,AGAGGTATAAATA
D5S818,10.0,[AGAT]10,,11,0.0262,ATTTTGA,AGATGTATAAATA
D5S818,11.0,[AGAT]11,,110,0.2619,ATTTTGA,AGAGGTATAAATA
D5S818,11.0,[AGAT]11,,11,0.0262,ATTTTGA,AGATGTATAAATA
D5S818,12.0,[AGAT]12,,104,0.2476,ATTTTGA,AGAGGTATAAATA
D5S818,12.0,[AGAT]12,,40,0.0952,ATTTTGA,AGATGTATAAATA
D5S818,13.0,[AGAT]13,,39,0.0929,ATTTTGA,AGAGGTATAAATA
D5S818,13.0,[AGAT]13,,32,0.0762,ATTTTGA,AGATGTATAAATA
D5S818,14.0,[AGAT]14,,6,0.0143,ATTTTGA,AGAGGTATAAATA
D5S818,14.0,[AGAT]14,,2,0.0048,ATTTTGA,AGATGTATAAATA
D5S818,15.0,[AGAT]15,,,,,
D5S818,7.0,[AGAT]7,,1,0.0024,ATTTTGA,AGAGGTATAAATA
D5S818,8.0,[AGAT]8,,,,,
D5S818,8.0,[AGAT]8,,1,0.0024,ATTTTGA,AGATGTATAAATA
D5S818,9.0,[AGAT]9,,,,,
D5S818,9.0,[AGAT]9,,28,0.0667,ATTTTGA,AGATGTATAAATA
,,,,420,1.0002,,
,,,,,,,
D7S820,0.0,,,4,0.0095,,
D7S820,10.0,[GATA]10,,14,0.0333,ATAGTTTAGAACGAACTAAC,GACAGATTGATAGTTTTTTTTAATCTCACTAAATA
D7S820,10.0,[GATA]10,,75,0.1786,ATAGTTTAGAACGAACTAAC,GACAGATTGATAGTTTTTTTTTATCTCACTAAATA
D7S820,11.0,[GATA]11,,10,0.0238,ATAGTTTAGAACGAACTAAC,GACAGATTGATAGTTTTTTTTAATCTCACTAAATA
D7S820,11.0,[GATA]11,,90,0.2143,ATAGTTTAGAACGAACTAAC,GACAGATTGATAGTTTTTTTTTATCTCACTAAATA
D7S820,12.0,[GATA]12,,9,0.0214,ATAGTTTAGAACGAACTAAC,GACAGATTGATAGTTTTTTTTAATCTCACTAAATA
D7S820,12.0,[GATA]12,,49,0.1167,ATAGTTTAGAACGAACTAAC,GACAGATTGATAGTTTTTTTTTATCTCACTAAATA
D7S820,13.0,[GATA]13,,3,0.0071,ATAGTTTAGAACGAACTAAC,GACAGATTGATAGTTTTTTTTAATCTCACTAAATA
D7S820,13.0,[GATA]13,,10,0.0238,ATAGTTTAGAACGAACTAAC,GACAGATTGATAGTTTTTTTTTATCTCACTAAATA
D7S820,14.0,[GATA]14,,3,0.0071,ATAGTTTAGAACGAACTAAC,GACAGATTGATAGTTTTTTTTAATCTCACTAAATA
D7S820,14.0,[GATA]14,,3,0.0071,ATAGTTTAGAACGAACTAAC,GACAGATTGATAGTTTTTTTTTATCTCACTAAATA
D7S820,7.0,[GATA]7,,6,0.0143,ATAGTTTAGAACGAACTAAC,GACAGATTGATAGTTTTTTTTTATCTCACTAAATA
D7S820,8.0,[GATA]8,,41,0.0976,ATAGTTTAGAACGAACTAAC,GACAGATTGATAGTTTTTTTTTATCTCACTAAATA
D7S820,8.0,[GATA]8,,30,0.0714,ATAGTTTAGAATGAACTAAC,GACAGATTGATAGTTTTTTTTTATCTCACTAAATA
D7S820,9.0,[GATA]8 GACA G,,3,0.0071,ATAGTTTAGAACGAACTAAC,GACAGATTGATAGTTTTTTTTTATCTCACTAAATA
D7S820,9.0,[GATA]9,,64,0.1524,ATAGTTTAGAACGAACTAAC,GACAGATTGATAGTTTTTTTTTATCTCACTAAATA
D7S820,9.0,[GATA]9,,5,0.0119,ATAGTTTAGAATGAACTAAC,GACAGATTGATAGTTTTTTTTTATCTCACTAAATA
D7S820,9.1,[GATA]9 [GATA]9,,1,0.0024,ATAGTTTAGAACGAACTAAC,ACAGATTGATAGTTTTTTTTTTATCTCACTAAATA
,,,,420,0.9998,,
,,,,,,,
D8S1179,0.0,,,2,0.0048,,
D8S1179,10.0,[TCTA]10,,23,0.0548,,TTCCC
D8S1179,11.0,[TCTA]11,,24,0.0571,,TTCCC
D8S1179,11.0,[TCTA]2 TCTG [TCTA]8,,1,0.0024,,TTCCC
D8S1179,12.0,[TCTA]12,,63,0.15,,TTCCC
D8S1179,12.0,[TCTA]2 TCTG [TCTA]9,,1,0.0024,,TTCCC
D8S1179,12.0,TCTA TCTG [TCTA]10,,6,0.0143,,TTCCC
D8S1179,13.0,[TCTA]13,,30,0.0714,,TTCCC
D8S1179,13.0,[TCTA]2 TCTG [TCTA]10,,1,0.0024,,TTCCC
D8S1179,13.0,TCTA TCTG [TCTA]11,,98,0.2333,,TTCCC
D8S1179,14.0,[TCTA]14,,14,0.0333,,TTCCC
D8S1179,14.0,[TCTA]2 TCTG [TCTA]11,,27,0.0643,,TTCCC
D8S1179,14.0,TCTA TCTG [TCTA]12,,58,0.1381,,TTCCC
D8S1179,14.0,TCTA TCTG TGTA [TCTA]11,,,,,
D8S1179,15.0,[TCTA]2 TCTG [TCTA]12,,34,0.081,,TTCCC
D8S1179,15.0,TCTA TCTG [TCTA]13,,18,0.0429,,TTCCC
D8S1179,16.0,[TCTA]2 TCTG [TCTA]13,,8,0.019,,TTCCC
D8S1179,16.0,TCTA TCTG [TCTA]14,,1,0.0024,,TTCCC
D8S1179,17.0,[TCTA]2 TCTG [TCTA]14,,2,0.0048,,TTCCC
D8S1179,18.0,TCTA TCTG [TCTA]16,,,,,
D8S1179,8.0,[TCTA]8,,4,0.0095,,TTCCC
D8S1179,9.0,[TCTA]9,,5,0.0119,,TTCCC
,,,,420,1.0001,,
,,,,,,,
FGA,0.0,,,8,0.019,,
FGA,16.0,[TTTC]3 TTTT TTCT [CTTT]8 CTCC [TTCC]2,,1,0.0024,GCATATTTACAAGCTAG,TTTCTTCCTTTCTTTTTTGCTGG
FGA,18.0,[TTTC]3 TTTT TTCT [CTTT]10 CTCC [TTCC]2,,3,0.0071,GCATATTTACAAGCTAG,TTTCTTCCTTTCTTTTTTGCTGG
FGA,18.2,[TTTC]3 TTTT [TTCT]12 CC [TTCC]2,,,,,
FGA,18.3,[TTTC]16 TCC [TTCC]2,,1,0.0024,GCATATTTACAAGCTAG,TTTCTTCCTTTCTTTTTTGCTGG
FGA,19.0,[TTTC]3 TTTT TTCT [CTTT]11 CTCC [TTCC]2,,31,0.0738,GCATATTTACAAGCTAG,TTTCTTCCTTTCTTTTTTGCTGG
FGA,19.2,[TTTC]3 TTTT [TTCT]13 CC [TTCC]2,,,,,
FGA,20.0,[TTTC]3 TTTT TTCT [CTTT]12 CTCC [TTCC]2,,63,0.15,GCATATTTACAAGCTAG,TTTCTTCCTTTCTTTTTTGCTGG
FGA,21.0,[TTTC]3 TTTT TTCT [CTTT]13 CTCC [TTCC]2,,89,0.2119,GCATATTTACAAGCTAG,TTTCTTCCTTTCTTTTTTGCTGG
FGA,21.2,[TTTC]3 TTTT [TTCT]15 CC [TTCC]2,,1,0.0024,GCATATTTACAAGCTAG,TTTCTTCCTTTCTTTTTTGCTGG
FGA,22.0,[TTTC]3 TTTT TTCT [CTTT]14 CTCC [TTCC]2,,75,0.1786,GCATATTTACAAGCTAG,TTTCTTCCTTTCTTTTTTGCTGG
FGA,22.2,[TTTC]3 TTTT [TTCT]16 CC [TTCC]2,,6,0.0143,GCATATTTACAAGCTAG,TTTCTTCCTTTCTTTTTTGCTGG
FGA,23.0,[TTTC]3 TTTT TTCT [CTTT]15 CTCC [TTCC]2,,49,0.1167,GCATATTTACAAGCTAG,TTTCTTCCTTTCTTTTTTGCTGG
FGA,23.1,[TTTC]3 TTTT TTCT [CTTT]2 TTTC T [CTTT]12 CTCC [TTCC]2,,,,,
FGA,23.2,[TTTC]3 TTTT [TTCT]17 CC [TTCC]2,,2,0.0048,GCATATTTACAAGCTAG,TTTCTTCCTTTCTTTTTTGCTGG
FGA,24.0,[TTTC]3 TTTT TTCT [CTTT]16 CTCC [TTCC]2,,3,0.0071,CATTATTTACAAGCTAG,TTTCTTCCTTTCTTTTTTGCTGG
FGA,24.0,[TTTC]3 TTTT TTCT [CTTT]16 CTCC [TTCC]2,,49,0.1167,GCATATTTACAAGCTAG,TTTCTTCCTTTCTTTTTTGCTGG
FGA,24.0,[TTTC]3 TTTT TTCT [CTTT]14 G [TTTC]2 TCC [TTCC]2,,,,,
FGA,24.2,[TTTC]3 TTTT [TTCT]18 CC [TTCC]2,,,,,
FGA,25.0,[TTTC]3 TTTT TTCT [CTTT]11 CC [TTCT]6 CC [TTCC]2,,1,0.0024,GCATATTTACAAGCTAG,TTTCTTCCTTTCTTTTTTGCTGG
FGA,25.0,[TTTC]3 TTTT TTCT [CTTT]17 CTCC [TTCC]2,,24,0.0571,GCATATTTACAAGCTAG,TTTCTTCCTTTCTTTTTTGCTGG
FGA,25.0,[TTTC]3 TTTT TTCT [CTTT]15 G [TTTC]2 TCC [TTCC]2,,,,,
FGA,26.0,[TTTC]3 TTTT TTCT [CTTT]18 CTCC [TTCC]2,,12,0.0286,GCATATTTACAAGCTAG,TTTCTTCCTTTCTTTTTTGCTGG
FGA,27.0,[TTTC]3 TTTT TTCT [CTTT]19 CTCC [TTCC]2,,2,0.0048,GCATATTTACAAGCTAG,TTTCTTCCTTTCTTTTTTGCTGG
,,,,420,1.0001,,
,,,,,,,
PentaD,0.0,,,74,0.1762,,
PentaD,10.0,[AAAGA]10,,1,0.0024,GATCACTTGAGCCTGGAAGGTCGAAGCTGAAGTGAGCCATGATCACACCACTACACTCCAGCCTAGGTGACAGAGCAAGACACCATCTCAAGAAAGAAAAAAAAG,AAAAACGAAGGGGAAAAAAAGAGAATCATAAACATAAATGTAAAATATCTCAA
PentaD,10.0,[AAAGA]10,,2,0.0048,GATCACTTGAGCCTGGAAGGTCGAAGCTGAAGTGAGCCATGATCACACCACTACACTCCAGCCTAGGTGACAGAGCAAGACACCATCTCAAGAAAGAAAAAAAAG,AAAAACGAAGGGGAAAAAAAGAGAATCATAAACATAAATGTAAAATTTCACAA
PentaD,10.0,[AAAGA]10,,63,0.15,GATCACTTGAGCCTGGAAGGTCGAAGCTGAAGTGAGCCATGATCACACCACTACACTCCAGCCTAGGTGACAGAGCAAGACACCATCTCAAGAAAGAAAAAAAAG,AAAAACGAAGGGGAAAAAAAGAGAATCATAAACATAAATGTAAAATTTCTCAA
PentaD,11.0,[AAAGA]11,,1,0.0024,GATCACTTGAGCCTGGAAGGTCGAAGCTGAAGTGAGCCATGATCACACCACTACACTCCAGCCTAGGTGACAGAGCAAGACACCATCTCAAGAAAGAAAAAAAAG,AAAAACGAAGGGGAAAAAAAGAGAATCATAAACATAAATGTAAAATATCTCAA
PentaD,11.0,[AAAGA]11,,2,0.0048,GATCACTTGAGCCTGGAAGGTCGAAGCTGAAGTGAGCCATGATCACACCACTACACTCCAGCCTAGGTGACAGAGCAAGACACCATCTCAAGAAAGAAAAAAAAG,AAAAACGAAGGGGAAAAAAAGAGAATCATAAACATAAATGTAAAATTACTCAA
PentaD,11.0,[AAAGA]11,,52,0.1238,GATCACTTGAGCCTGGAAGGTCGAAGCTGAAGTGAGCCATGATCACACCACTACACTCCAGCCTAGGTGACAGAGCAAGACACCATCTCAAGAAAGAAAAAAAAG,AAAAACGAAGGGGAAAAAAAGAGAATCATAAACATAAATGTAAAATTTCTCAA
PentaD,12.0,[AAAGA]12,,4,0.0095,GATCACTTGAGCCTGGAAGGTCGAAGCTGAAGTGAGCCATGATCACACCACTACACTCCAGCCTAGGTGACAGAGCAAGACACCATCTCAAGAAAGAAAAAAAAG,AAAAACGAAGGGGAAAAAAAGAGAATCATAAACATAAATGTAAAATTACTCAA
PentaD,12.0,[AAAGA]12,,38,0.0905,GATCACTTGAGCCTGGAAGGTCGAAGCTGAAGTGAGCCATGATCACACCACTACACTCCAGCCTAGGTGACAGAGCAAGACACCATCTCAAGAAAGAAAAAAAAG,AAAAACGAAGGGGAAAAAAAGAGAATCATAAACATAAATGTAAAATTTCTCAA
PentaD,12.0,[AAAGA]12,,1,0.0024,GATCACTTGAGCCTGGAAGGTCGAAGCTGAAGTGAGCCATGATCACACCACTACACTCCAGCCTAGGTGACAGAGCAAGACACCATCTCAAGAAAGAAAAAAAAG,AAAGACGAAGGGGAAAAAAAGAGAATCATAAACATAAATGTAAAATTTCTCAA
PentaD,13.0,[AAAGA]13,,36,0.0857,GATCACTTGAGCCTGGAAGGTCGAAGCTGAAGTGAGCCATGATCACACCACTACACTCCAGCCTAGGTGACAGAGCAAGACACCATCTCAAGAAAGAAAAAAAAG,AAAAACGAAGGGGAAAAAAAGAGAATCATAAACATAAATGTAAAATTTCTCAA
PentaD,13.0,[AAAGA]13,,1,0.0024,GATCACTTGAGCCTGGAAGGTCGAAGCTGAAGTGAGCCATGATCACACCACTACACTCCAGCCTAGGTGACAGAGCAAGACACCATCTCAAGAAAGAAAAAAAAG,AAAGACGAAGGGGAAAAAAAGAGAATCATAAACATAAATGTAAAATTTCTCAA
PentaD,14.0,[AAAGA]14,,13,0.031,GATCACTTGAGCCTGGAAGGTCGAAGCTGAAGTGAGCCATGATCACACCACTACACTCCAGCCTAGGTGACAGAGCAAGACACCATCTCAAGAAAGAAAAAAAAG,AAAAACGAAGGGGAAAAAAAGAGAATCATAAACATAAATGTAAAATTTCTCAA
PentaD,15.0,[AAAGA]15,,12,0.0286,GATCACTTGAGCCTGGAAGGTCGAAGCTGAAGTGAGCCATGATCACACCACTACACTCCAGCCTAGGTGACAGAGCAAGACACCATCTCAAGAAAGAAAAAAAAG,AAAAACGAAGGGGAAAAAAAGAGAATCATAAACATAAATGTAAAATTTCTCAA
PentaD,16.0,[AAAGA]16,,,,,
PentaD,7.0,[AAAGA]7,,12,0.0286,GATCACTTGAGCCTGGAAGGTCGAAGCTGAAGTGAGCCATGATCACACCACTACACTCCAGCCTAGGTGACAGAGCAAGACACCATCTCAAGAAAGAAAAAAAAG,AAAAACGAAGGGGAAAAAAAGAGAATCATAAACATAAATGTAAAATTTCTCAA
PentaD,8.0,[AAAGA]8,,8,0.019,GATCACTTGAGCCTGGAAGGTCGAAGCTGAAGTGAGCCATGATCACACCACTACACTCCAGCCTAGGTGACAGAGCAAGACACCATCTCAAGAAAGAAAAAAAAG,AAAAACGAAGGGGAAAAAAAGAGAATCATAAACATAAATGTAAAATTTCTCAA
PentaD,9.0,[AAAGA]9,,1,0.0024,GATCACTTGAGCCTGGAAGGTCGAAGCTGAAGTGAGCCATGATCACACCACTACACTCCAGCCTAGGTGACAGAGCAAGACACCATCTCAAGAAAGAAAAAAAAG,AAAAACGAAGGGGAAAAAAAGAGAATCATAAACATAAATGTAAAATTACTCAA
PentaD,9.0,[AAAGA]9,,99,0.2357,GATCACTTGAGCCTGGAAGGTCGAAGCTGAAGTGAGCCATGATCACACCACTACACTCCAGCCTAGGTGACAGAGCAAGACACCATCTCAAGAAAGAAAAAAAAG,AAAAACGAAGGGGAAAAAAAGAGAATCATAAACATAAATGTAAAATTTCTCAA
,,,,420,1.0001999999999998,,
,,,,,,,
TH01,0.0,,,,,,
TH01,10.0,[AATG]10,,2,0.0048,TGCAGGTCACAGGGAACACAGACTCCATGGTG,AGGGAAATAAGG
TH01,6.0,[AATG]6,,99,0.2357,TGCAGGTCACAGGGAACACAGACTCCATGGTG,AGGGAAATAAGG
TH01,7.0,[AATG]7,,76,0.181,TGCAGGTCACAGGGAACACAGACTCCATGGTG,AGGGAAATAAGG
TH01,8.0,[AATG]8,,50,0.119,TGCAGGTCACAGGGAACACAGACTCCATGGTG,AGGGAAATAAGG
TH01,9.0,[AATG]9,,74,0.1762,TGCAGGTCACAGGGAACACAGACTCCATGGTG,AGGGAAATAAGG
TH01,9.3,[AATG]6 ATG [AATG]3,,119,0.2833,TGCAGGTCACAGGGAACACAGACTCCATGGTG,AGGGAAATAAGG
,,,,420,1.0,,
,,,,,,,
TPOX,0.0,,,4,0.0095,,
TPOX,10.0,[AATG]10,,33,0.0786,,TTTGG
TPOX,11.0,[AATG]11,,103,0.2452,,TTTGG
TPOX,12.0,[AATG]12,,7,0.0167,,TTTGG
TPOX,13.0,[AATG]13,,1,0.0024,,TTTGG
TPOX,6.0,[AATG]6,,2,0.0048,,TTTGG
TPOX,8.0,[AATG]8,,237,0.5643,,TTTGG
TPOX,9.0,[AATG]9,,33,0.0786,,TTTGG
,,,,420,1.0001,,
,,,,,,,
vWA,0.0,,,108,0.2571,,
vWA,11.0,TCTA [TCTG]3 [TCTA]7,,,,,
vWA,14.0,TCTA TCTG TCTA [TCTG]4 [TCTA]3 TCCA [TCTA]3,,22,0.0524,ATTGA,TCCATCCATCCATCCATCCTATGTATT
vWA,14.0,TCTA [TCTG]3 [TCTA]10,,11,0.0262,ATTGA,TCCATCTATCCATCCATCCTATGTATT
vWA,14.0,TCTA [TCTG]4 [TCTA]9,,2,0.0048,ATTGA,TCCATCTATCCATCCATCCTATGTATT
vWA,14.0,TCTA [TCTG]4 [TCTA]9,,3,0.0071,ATTGA,TCTATCTATCCATCCATCCTATGTATT
vWA,15.0,TCTA [TCTG]3 [TCTA]11,,20,0.0476,ATTGA,TCCATCTATCCATCCATCCTATGTATT
vWA,15.0,TCTA [TCTG]4 [TCTA]10,,6,0.0143,ATTGA,TCCATCTATCCATCCATCCTATGTATT
vWA,16.0,TCTA [TCTG]3 [TCTA]12,,19,0.0452,ATTGA,TCCATCTATCCATCCATCCTATGTATT
vWA,16.0,TCTA [TCTG]4 [TCTA]11,,55,0.131,ATTGA,TCCATCTATCCATCCATCCTATGTATT
vWA,17.0,TCTA [TCTG]3 [TCTA]13,,4,0.0095,ATTGA,TCCATCTATCCATCCATCCTATGTATT
vWA,17.0,TCTA [TCTG]4 [TCTA]12,,88,0.2095,ATTGA,TCCATCTATCCATCCATCCTATGTATT
vWA,17.0,TCTA [TCTG]4 [TCTA]12,,,,,
vWA,17.0,TCTA [TCTG]5 [TCTA]11,,2,0.0048,ATTGA,TCCATCTATCCATCCATCCTATGTATT
vWA,18.0,TCTA [TCTG]4 [TCTA]13,,58,0.1381,ATTGA,TCCATCTATCCATCCATCCTATGTATT
vWA,19.0,TCTA [TCTG]4 [TCTA]14,,19,0.0452,ATTGA,TCCATCTATCCATCCATCCTATGTATT
vWA,20.0,TCTA [TCTG]4 [TCTA]15,,3,0.0071,ATTGA,TCCATCTATCCATCCATCCTATGTATT
,,,,420,0.9999,,
,,,,,,,
